{"version":13,"hash":{"type":"Buffer","data":"BWNpNjrWgiE9uH3qOVr7uFCbIwOl6r7MAfFeR2hoAS9rsP8SLfparBIYDM3vuMfT7bI8CIqhHaTa2ACtwgicjWZHGsmojVDGxo08pygku9tUDFLRE24ZTD4ibErh0t2mVjSg7RrvlMKQaPOLP70xxYB5WgGiW5MXQoUit7yHYLg="},"indexValueMap":{"CJ10n+bgbjD0Mptu5blr/1WLiUBH1UV7XPi2GJOmNZc=":{"valueMac":{"type":"Buffer","data":"NAnRzKpf0gMYbgOzAIal8jI4nzYR52oKprYhc5muJpc="}},"JgZGH+qHrmvwFfq71Ev5uEP4SCb1KAbNqxabB0dFiT8=":{"valueMac":{"type":"Buffer","data":"bblSHXtAjjoLGUSiCJaMtoABC+Rhq9Kn1AFrpn+xuqc="}},"MuLUMcjz2lJzcbsmQ2BN9iuEWepBZn0f8p3nTJhUa90=":{"valueMac":{"type":"Buffer","data":"XeKUSdHRyy7Lw5N8h84UBcA8rEI1RQCfQd5JwlPGP1g="}},"Rmdt5ZKbUSwBRRSL5wd1P4U4l0UBg4yoM9K19SwdnU0=":{"valueMac":{"type":"Buffer","data":"xuq8YYNupAKJ0TU4sF+9WXS5W311k5jA5wsGKLj0NJ8="}},"TnRWYxqMpMiqZZCducpGBLOzEhMbzM9js9tqWFNXpi0=":{"valueMac":{"type":"Buffer","data":"P9pgRXN3Ue02jEt5HXpER9XQbiSQ7MyJz7REc3Pnw+0="}},"bsQNHQNL6iu2z3B8ZGkhNmbRKbqa9kDXKiHS/gFZQN8=":{"valueMac":{"type":"Buffer","data":"uh/qHxj1mSSzbBV1PAy73wsBXRESw+LPSbWMsYsWMI8="}},"c4nkz3ZfzrnH0NIcwdrOgMf/cY1K02skv+eHxMn639U=":{"valueMac":{"type":"Buffer","data":"CzXt0K3OwenxERAdxYn1d8J/AfepkpujNx5DZrUbGNk="}},"fLFw60YwO4x9EhLKU0ECGD8MAsGwxmxGO6+g2wHWzvY=":{"valueMac":{"type":"Buffer","data":"KvAF9wRcLCPKUaNbj1iHFAgPYd8I/JuUfdT7xaae4i0="}},"vHFuUAD9viSPXz9P8NTIgLcgNAJb9sVfyPwviwB1t6c=":{"valueMac":{"type":"Buffer","data":"4W3+Xof847KDb5d3TSDgKGjYIzGPbTWBNoQqHbOsBiE="}},"xGaww2uHpzIxicow/WN9x5vq3a8HjbRJIcJnD9/Ns8w=":{"valueMac":{"type":"Buffer","data":"vpEHYAbkmNM/dmSWmDgBk0G98FHUd37b4mYgjIy658M="}},"8w0H3KsjwtMgYIt4ic2LJ1CJZBk7ohzOAZSUzxOcMpQ=":{"valueMac":{"type":"Buffer","data":"cEXWX+XgXM3edne1D3EbZNUTo9iyO+gD+0gL97KEie4="}},"c42L6dDdMu75+5nPPyihbnkTI77hDZ5b+ESamBzB93Y=":{"valueMac":{"type":"Buffer","data":"3guA+Z8sVQvqV7b6O8m43H7i2RYeOVWY4a/pVUCEJ6w="}},"bI7n9rrBdCHqPO/CjccguRHos8T8u5mX+oL70LcMtXo=":{"valueMac":{"type":"Buffer","data":"ylYOi2gJNm8Dl0wEZEd+A+FHQiqlDdJulVQpWqVZjeo="}},"7I+QlGMpzdGQvROARwhMvGBRhfUO0COs9jGB+1pB9oc=":{"valueMac":{"type":"Buffer","data":"3bWe3LYww+c7XUoYkE0Ubo7fI0KEovlTg3UiStRC9x8="}},"yn/qXka+28qwstAOvnzEMXlW1S8131fp/dP+c4Sxjio=":{"valueMac":{"type":"Buffer","data":"ChDhNTL1Qzdob0xheyxiFRurMfi8XH7BivSAP9uxY/Q="}},"DTjwf/Xo8LWAbyMeujiTArfFOIL7AT8GTxRLsI9Gbh0=":{"valueMac":{"type":"Buffer","data":"Y2+bZhibmvktQLu5sxufwqaDTPEAiJbt3AzuRiRms10="}},"274zMGpq1iU+xFDza5Jvvz+CwC4PcQGG47aAUdhSn68=":{"valueMac":{"type":"Buffer","data":"DRoynMm1UIMj3uSfNMvkhCxMyWrKLftGeQ/BeHkOCvk="}},"/+RV1LisK7ahw4r5QFaxJIBA0jbO1jOGuic2nSxuVR4=":{"valueMac":{"type":"Buffer","data":"9Depx+FoW1KFzd04JWpEdQxZmK/wVnPli4kFy++Jh0A="}}}}