{"version":2,"hash":{"type":"Buffer","data":"0KbFRyNCIVNPtZDBA9tc04lGfErccFXo3tc1pga23Yf+7eOZX+ohrua+V1uLJ/Akqaib36MDMT1cucOd8eJ0Fi/BPu4UhLR+67hHIz1IO0Hw2F3NQydWgPewyaB2RZNRzVoYok5lkd6MwGVazRdK6a1f/YRnGtVXPUZNjwLnynA="},"indexValueMap":{"gtN1n3F48XUxUGk2IP5yaZlH4heIKLY2GaLjqsNY9oo=":{"valueMac":{"type":"Buffer","data":"u2b6witjAGZPI0Sv29SoCp9gQ3NuzqDRUyRaE06YM7M="}},"5b6kS6fyxN7gDZ3eNmik2Ft1I9YhJMEDwWpwYUN/hFI=":{"valueMac":{"type":"Buffer","data":"mII26Bt3jWebAuigv32nFz57MAAGFPK4520gvs1ZaDI="}},"4fNHoIKuW+bfiWyjCAvjyyNGeAL/TBLhTBSHAAJx3v4=":{"valueMac":{"type":"Buffer","data":"0yBUtB1q4edL5qHAHWrxXez/loOHEO+6wOEjgYmnY3w="}}}}