{"noiseKey":{"private":{"type":"Buffer","data":"yCUZHA672GvJPIct5N9KsnV36P285w4KX/7u19w4DEI="},"public":{"type":"Buffer","data":"YsFfDSCiUlk+oMIlkx7YCGU5PD9cP/jTJskN8cUWJiY="}},"pairingEphemeralKeyPair":{"private":{"type":"Buffer","data":"kDxfW/dbnWzBmqJQbZCeU52YasHg16kNKkpWRkhL6XU="},"public":{"type":"Buffer","data":"IoHHyaq4RxJ2VhUwo9p6jOS0Pvsg4huWwowtaDOkiiE="}},"signedIdentityKey":{"private":{"type":"Buffer","data":"sFuhiAdmJ36JC+uXt0k657uaEBHN7kU3cEhVFcEFrXU="},"public":{"type":"Buffer","data":"vhSdaAwF2M19/ZWHnYJTvT8fSP6lpkps+OfNtNHow2w="}},"signedPreKey":{"keyPair":{"private":{"type":"Buffer","data":"CODlt3OOcBNGMHR8+grWmElngiz6fXq7MIn/ys+dO3Y="},"public":{"type":"Buffer","data":"JtrpNGyfv2hFaKlXCawCUhQILo/Drd6vk5cmXr181iI="}},"signature":{"type":"Buffer","data":"fOBfPkSz3d9Xhk8MS//JFUiM2IebbUB9ApA31gb2cIKwP9tl4udg2jDVgWLAuWCPsZFm9BxFiUgvRylhgX7Eig=="},"keyId":1},"registrationId":145,"advSecretKey":"ZFottYa1hbQZm1CRqu8vXd3FLTBUl0b92OScYKwDfFY=","processedHistoryMessages":[{"key":{"remoteJid":"62815426921785@s.whatsapp.net","fromMe":true,"id":"A42F93A350AE27BE6AED4F5D10AC5168"},"messageTimestamp":1739867530},{"key":{"remoteJid":"62815426921785@s.whatsapp.net","fromMe":true,"id":"459AB24325D1AAB193195FFF9744AADA"},"messageTimestamp":1739867531},{"key":{"remoteJid":"62815426921785@s.whatsapp.net","fromMe":true,"id":"AA7E533E5E6109592AE701EDDFC25BCB"},"messageTimestamp":1739867539},{"key":{"remoteJid":"62815426921785@s.whatsapp.net","fromMe":true,"id":"25C8F4AF4EC16562A3F7C31309C6C9CB"},"messageTimestamp":1739867540},{"key":{"remoteJid":"62815426921785@s.whatsapp.net","fromMe":true,"id":"83B9CB1226E8163090E9EE44BA0F1CA6"},"messageTimestamp":1739867540}],"nextPreKeyId":31,"firstUnuploadedPreKeyId":31,"accountSyncCounter":1,"accountSettings":{"unarchiveChats":false},"registered":true,"pairingCode":"FQEBRKGP","me":{"id":"62815426921785:39@s.whatsapp.net","name":"ygg","lid":"73654964617264:39@lid"},"account":{"details":"CPanx7kBEISL0b0GGAUgACgA","accountSignatureKey":"8GJnd1iX/7fMq3YD5zUciiC4cIinX9NIJk1fM9YiwB0=","accountSignature":"Q3w1+Yr2Kcr4OGgKPpurvZ8xGJRZ3DcGZCHX5gkIE+oLqrMstHFhTljA7kE9HkAQ9Yhwn62GDkoLuse/jx+UAw==","deviceSignature":"V4y9JTNEgSXZgUL2z2Osticr9RwEGXM/O5uY3QBez4arbLh87Z/6rhv0iLK8f5lxwzFk005fAlqELmxZ2ws8hg=="},"signalIdentities":[{"identifier":{"name":"62815426921785:39@s.whatsapp.net","deviceId":0},"identifierKey":{"type":"Buffer","data":"BfBiZ3dYl/+3zKt2A+c1HIoguHCIp1/TSCZNXzPWIsAd"}}],"platform":"smba","routingInfo":{"type":"Buffer","data":"CAgIDQ=="},"lastAccountSyncTimestamp":1739867528,"lastPropHash":"3R9Z39","myAppStateKeyId":"AAAAACT/"}