{"_sessions":{"Bd6kkwTE32h0t4lWyZ0pp6QDdW7OoqUxh2kQqIepJvZy":{"registrationId":1272906769,"currentRatchet":{"ephemeralKeyPair":{"pubKey":"BVQZS/Zn/DVbzkbqAq9JHMRwstc7SJ0ipG1/E6P4cigq","privKey":"8GXpseO9jBG0xJ3K4dW11+SIGVcfKF5WTKnoqaq7V1c="},"lastRemoteEphemeralKey":"Bci8efPIjkFLG+Z7DM7vE9BIwKdOGGnwnr5gTpFiTQUi","previousCounter":0,"rootKey":"Ov5PvDFfIjn8iCZjbvFJJXcJeXbxYEP2qNZhY0lqU8A="},"indexInfo":{"baseKey":"Bd6kkwTE32h0t4lWyZ0pp6QDdW7OoqUxh2kQqIepJvZy","baseKeyType":2,"closed":-1,"used":1739867529959,"created":1739867529959,"remoteIdentityKey":"BfBiZ3dYl/+3zKt2A+c1HIoguHCIp1/TSCZNXzPWIsAd"},"_chains":{"Bci8efPIjkFLG+Z7DM7vE9BIwKdOGGnwnr5gTpFiTQUi":{"chainKey":{"counter":8,"key":"he/yC+zaKO7ph6M+ew0f/AHJID3cxarK0OWy8qix4Ms="},"chainType":2,"messageKeys":{}},"BVQZS/Zn/DVbzkbqAq9JHMRwstc7SJ0ipG1/E6P4cigq":{"chainKey":{"counter":-1,"key":"VuZ4inOK0OqKNFzg0bpgR4RrdG7uTrK8Hrerq2F+01I="},"chainType":1,"messageKeys":{}}}}},"version":"v1"}