{"_sessions":{"Bc6zl7EggK/Jz+rUrXbRJHqNLQXK/xakfYTOEvK1GmNk":{"registrationId":1734547814,"currentRatchet":{"ephemeralKeyPair":{"pubKey":"BRX7eGpVH/VZBQdJ0tNxepcLYPs4h0tcNhvdrKb4lx5W","privKey":"gB4FkQtgqZBzq/kok3IlGJ0H8L0+s1yJrWp73cL/TXM="},"lastRemoteEphemeralKey":"BXmjnjOPsdn7Rc9ISgSze8eBmtZbtMty57vYHC7kR/Jd","previousCounter":0,"rootKey":"XGvZu7HNUpncmsVATH0ImzTNyB4d+nOmXKBkt04XmNE="},"indexInfo":{"baseKey":"Bc6zl7EggK/Jz+rUrXbRJHqNLQXK/xakfYTOEvK1GmNk","baseKeyType":2,"closed":-1,"used":1739867651062,"created":1739867651062,"remoteIdentityKey":"BU9QyVp23ZwjKHIn8+zEAz7mvh9zlqjBvpp8MjDN8/dQ"},"_chains":{"BXmjnjOPsdn7Rc9ISgSze8eBmtZbtMty57vYHC7kR/Jd":{"chainKey":{"counter":0,"key":"HycHdJUnWntYyJ4c4KTLlBX+iemvIPyTzCIhIlBvzVM="},"chainType":2,"messageKeys":{}},"BRX7eGpVH/VZBQdJ0tNxepcLYPs4h0tcNhvdrKb4lx5W":{"chainKey":{"counter":-1,"key":"BLl3nGmnGe23dSlaxvxs+jnOs7ZgiqiYiBkAXyF2j2Y="},"chainType":1,"messageKeys":{}}}}},"version":"v1"}