{"_sessions":{"BdcjeXAnx/ZVmbcUS9LbVTaQCOHN7tNkK83ZOe9HVvAh":{"registrationId":189,"currentRatchet":{"ephemeralKeyPair":{"pubKey":"BaX577SDWsTz75R6P0mkGJJ9+8WL4VuxMxPB9LMdLcNE","privKey":"2IEGWHHWnR061h9WIn8RFApB6vysu5vEvBoq6KFzDlA="},"lastRemoteEphemeralKey":"BYaKhtwVnqfxcKoFGqvhPM2TnERkEa+YtZAUtAiOf8sK","previousCounter":0,"rootKey":"e347U0We/GmsaDO/ac64F630WIubcWfaagLHcq5dohI="},"indexInfo":{"baseKey":"BdcjeXAnx/ZVmbcUS9LbVTaQCOHN7tNkK83ZOe9HVvAh","baseKeyType":2,"closed":-1,"used":1739867663188,"created":1739867663188,"remoteIdentityKey":"BSL2WNa3kbIk3Waxdvss2FVQa8uDw9NtKF9ElSDkF0Ib"},"_chains":{"BYaKhtwVnqfxcKoFGqvhPM2TnERkEa+YtZAUtAiOf8sK":{"chainKey":{"counter":0,"key":"SKA7zHkAjsJr0hB/AbelKJuII2ODQPre0KwWb47gwzI="},"chainType":2,"messageKeys":{}},"BaX577SDWsTz75R6P0mkGJJ9+8WL4VuxMxPB9LMdLcNE":{"chainKey":{"counter":-1,"key":"U2RdQVlqy8ryEoRunnFdFKf/bvBzPb1/9Bb+SCbKjhk="},"chainType":1,"messageKeys":{}}}}},"version":"v1"}