{"_sessions":{"Ba6eGwikqDelW0e8ioU11k3AQ0eeXgL5y2YziD29MWci":{"registrationId":10056,"currentRatchet":{"ephemeralKeyPair":{"pubKey":"BU0o5Fkr709arQJpGvAGwUDr+2vg0HveJjzFsyr590Jz","privKey":"WHTyMdI+IK0Tv4asWkwP28Rn1FVa+HpfMNNks0M6OUQ="},"lastRemoteEphemeralKey":"BdgkqcTanOcHzfDbZq8bAVwRymeP224x0khiv11Sxyo9","previousCounter":0,"rootKey":"ed59ps7jdwCYRuNsoo8VIizRn1VYHV2jVOcPhIQQcrU="},"indexInfo":{"baseKey":"Ba6eGwikqDelW0e8ioU11k3AQ0eeXgL5y2YziD29MWci","baseKeyType":2,"closed":-1,"used":1739867585842,"created":1739867585842,"remoteIdentityKey":"BQlfH5SuZinbQ1HkIQkdgyHyotHy1n/LnCy7JU3z+h1B"},"_chains":{"BdgkqcTanOcHzfDbZq8bAVwRymeP224x0khiv11Sxyo9":{"chainKey":{"counter":1,"key":"aTJ3Kv4/WTCbYs96bk/1rDmkANyxAch8QpZrCwBK90I="},"chainType":2,"messageKeys":{}},"BU0o5Fkr709arQJpGvAGwUDr+2vg0HveJjzFsyr590Jz":{"chainKey":{"counter":-1,"key":"8cmgW5nxlctVd/YNpaD6PCXhorz8je2uA9iA6fTxcGU="},"chainType":1,"messageKeys":{}}}}},"version":"v1"}