{"version":42,"hash":{"type":"Buffer","data":"JMXQOKYC8dA6ME+WJKEQR7mLH4C1ih/zUiDiwtMI/u8TzlB+/vZYJ9Pvre7iYXVI9sDp/HlTQJdcAOSs0Bq1C/mFQSxmOhJduxkH9ljowKdctC0Znj4HMWo3vwCol7NerpxLXYwxO4rvQupanguqhD458JP5Z92Jv58y+/dmRwk="},"indexValueMap":{"DnQGaDT0ydrrB0HY8EcfrVm/nAF09mhdU0pQlF1lgv4=":{"valueMac":{"type":"Buffer","data":"4zWWfM8/IgDRtJ4QaGhZEp00AxPQpnsK878puwzsCmA="}},"HxoUnDcP3Sm+DB/i4j1cV0ZJuvP6S840fI8mNsHBKiQ=":{"valueMac":{"type":"Buffer","data":"k6SCTVNOPECfmS0mFexXPe+3+DkMbXAx1FGhkoC71nk="}},"KHnUqiTON6a2rWi5H7/qD3NrllSKjw9XzFsNKYIr5nc=":{"valueMac":{"type":"Buffer","data":"+MHCrQpeKIwjP9L4iJjXsUHLQSbo98clMW5Lnzabp9g="}},"NBAKNqMqbgXjLskjMK+POls/96AyCaw0cxVCWw3FlRk=":{"valueMac":{"type":"Buffer","data":"GobiWZpbbda+1IDzgAGJpGBuDua9u+HHJlmaoBfVdOI="}},"SaiVBiBwOG7wYRcOsOLv346Ud9at86BIAVahHThN62U=":{"valueMac":{"type":"Buffer","data":"z5Jy0s4wr6FHqBAsT38JeaCExSzZxemKt3GNsuvBveo="}},"TVFWcNZxccHZjADeWqzTzQNV86QqxplnMIeiwTa3VYA=":{"valueMac":{"type":"Buffer","data":"TJV8VHNReBoWKxmBc7rc4jrWiWPaAUsptYZy3+X0/Ds="}},"V0j0opDJCglY6Hi7U9MYPfOgt36Dftrtze92oK2eQp4=":{"valueMac":{"type":"Buffer","data":"C9rfSBbC7VP6JFW6XnP3s2BUjAJnmYroloP/wCuv5d8="}},"XjDWcgNquPSNvIomrl9nINDdh77JNHn6wY0lJvxJERo=":{"valueMac":{"type":"Buffer","data":"ku+L1erLOxWMoL36UWkEr3n3yHBbV70UtN84kAtzA8w="}},"YAVE/XEer3mU2EF8qBDSxXk9tU3wJ6Zb55d+0CQrgzs=":{"valueMac":{"type":"Buffer","data":"YKQv+F3fOpfPnzZaYT7bonjprnk7qEhKuaRzzD7d6uI="}},"a8zcWWbwgHFgyzVUAECHoP4kF5PBrq1QlP16KKOR+Y0=":{"valueMac":{"type":"Buffer","data":"VeQD1T7ZIoVwWI8lmpQ+0rrMeohN6EHKoaRYLNDcUSk="}},"bMeMskKHQaB3Munnafg1VKaWnzCc0wCB3nZKb8KQcSc=":{"valueMac":{"type":"Buffer","data":"rZlf9+7ztfS10o5uYVpDgUmIS5DG5OSa7FytKMJ37J0="}},"cQjtF2+1lVl9PRnx3XmKqEiEyuVXOVeAJR8z0I7cm7w=":{"valueMac":{"type":"Buffer","data":"sykL2vJciez2Rn8b63iPccpov3aJGEqXZck/8pAjC3Q="}},"hxA/dopphRsYCLcwAVJ6ZGMrNdYFmChM5WOUghZ7IXg=":{"valueMac":{"type":"Buffer","data":"kiY1vepr0Vo7/JyW4WCzHUiVrm2Xxp1Ep4GVYQ1zPW0="}},"lLEBRrg0BsV4K1UvroXSzh1llsTMI/f+0BDG4kLo5pI=":{"valueMac":{"type":"Buffer","data":"az0Du3v+OsHiC/geLIhqaseR4KFyCcRxIp5su0GpLV4="}},"l1/V/GXUU/cIMeLjVOg9rBdhzVsne7R24f5V9csI7Ak=":{"valueMac":{"type":"Buffer","data":"mJbVX0rzeHrTMQLQP2DV1fR/8JgwXoDXvdSvShGtWI8="}},"n36C8mAHTGL1LR257v6IGPP43pyKJH0gGoVpE4kSyhY=":{"valueMac":{"type":"Buffer","data":"5EQf5EXmJawIcptC+Yrd5mVbhcPqaSDJl4sSvV0oWi4="}},"t8eCO/Yu3MaTc+PHHvUhJe/9Ba2OFafIsKGW5KFhKqY=":{"valueMac":{"type":"Buffer","data":"T5sQS9eq6LGlytY4SYv2cxciLvcbefRsfP3QBmnUl/k="}},"zcZLAMSGlASh+Qe6Y13SKf6V5zVuGmykrb6AqrR6/60=":{"valueMac":{"type":"Buffer","data":"D3zl7ugc9VrB1H5E2cZY7ECjgEIUqhetcGzF4NT58fk="}},"0Aad4m+mAGVPprfUZxi9cKAyNU0v1SZnhqQ9/jxIWUY=":{"valueMac":{"type":"Buffer","data":"nUKPhmzKSMxIveGd4r8QvkcOVlwGGjNWu6MlU3twUN8="}},"10juMXfB/YykhNxSGIHBhiP2gpKpOBgl0KUqQotwUoU=":{"valueMac":{"type":"Buffer","data":"hMQwi8D5PwLQS72UN1oEcmJHImqidUKSx3OIlayZ2kg="}},"2hMZ1zIoKC7XVPBagP+wzqFYvszcv1xegaXIPLv3180=":{"valueMac":{"type":"Buffer","data":"6AxOOOcCZGpUfnXBclwPK5u6VzprJ4DY57o9JSh58iQ="}},"3/0IhMU1UWWvibkMY300ZNwTUYMM85rInTIYHEMKZ1g=":{"valueMac":{"type":"Buffer","data":"zFOfPsPPT0NvIyXXTdOQ72dyPtQYO7FB4ETWAgl+0Qc="}},"6ck0OqtbhWoB4vY9vH+DpT6uJaecg7zbd5Kr4Bc2l5w=":{"valueMac":{"type":"Buffer","data":"e7k2v2kS4t35MB3Kg15uY4A87LoV9onH4+Emxfvjra0="}},"gezFJp+V/UwFZ9d1wr4sChoktI7rkC5D77KYCIrzGyE=":{"valueMac":{"type":"Buffer","data":"gIWhrj6r8J9V15B2HSmqBgymDcl5bLdKMHIsJZc7qqk="}},"yRtrCbyoqCsU3Gt9Q1/0xmsf3qQI9SFEf3rKVqdupT4=":{"valueMac":{"type":"Buffer","data":"W1GlrAws6LH52FPCeBYa+V4RuyjHr1wKFHYs0EDSDEw="}},"2AUgeT48PP0clGhLEJJh8NA64/vlyDmu2pQyovHXonY=":{"valueMac":{"type":"Buffer","data":"4hqRjrsKI/Zqc/VZLdT2+qawHRq9ptVYKADUUb18sl0="}}}}