{"version":36,"hash":{"type":"Buffer","data":"rEvNYtV83MAj7rRe+JWjhLynK60peT7urXpq8NA1O5Zkjy0rbqh073M+rjoBn4xdXVzqEUxbLGWhPZhwW71Axxh+83j1sb/NbSoamDyzCVl47bu1kSZPDcyUA2AbEWgZaEmHxaTQPK09M5EuNCvjOW2pO4Tz6R0Vgo9zY9sjrfU="},"indexValueMap":{"DlgeVylWxwDGgcXn5crh0Sou4bmI4OVderMCir+I4LQ=":{"valueMac":{"type":"Buffer","data":"7aWpUBMntUBDQg3UGIEatPkeSHeX7zKMHrp7iyy9BG0="}},"F3DS7RYo80gCLrG1uodnYrVGh+OLDA8YYC8ZmXB86ts=":{"valueMac":{"type":"Buffer","data":"LJNQOstIp1KtTvM7jLUvGve1JoPU009d9+LtiuJaSlQ="}},"NxUxkPLuEMDiRx+UMkTiwrFVPjnKI6FvXDksBhus5aU=":{"valueMac":{"type":"Buffer","data":"AA9+KKHIzlKvW3CghzDY54rgQQAhItnMTv5570yKC84="}},"WeS7aGcDand/kD78gYbLCgxZhaQriGs0ZI8gX1bIJgU=":{"valueMac":{"type":"Buffer","data":"fvCpl9H8+iCA2y6AYO0VN0XTUdimgYjn3G3DT+867ao="}},"bHQ5bEEE2mDvGgcQv52goW3EPi46Q/h0LTDEiuqM+yc=":{"valueMac":{"type":"Buffer","data":"84tgn3+PMQG/NnHJ0uuEXp0ShgDr6YvMTPvrbIL15KE="}},"gJIZBsiIvbDeQ55+vvAt1LdwcvhuparJ0R7msrw1Fbg=":{"valueMac":{"type":"Buffer","data":"XV/0ryzN5ccnzwkUiI6q0khGJewaiOomEQy+sEpu6Cw="}},"iIS/8Gv1UNT+P0DLmsSLGDPrhi2ZIfw2fQEbSGGGLZg=":{"valueMac":{"type":"Buffer","data":"rPK+Qy4cRMcv0hoMqYFmOzYYDD4SFcfXx4VDaxGxjKM="}},"rFUKyZY0MGsSzQZ18rGf7Q8bFQTY51flS4XtsQOD+gA=":{"valueMac":{"type":"Buffer","data":"qq+quM0p7ihDdRv0r/uPByfVB9qR23KGyS0sC3ZPpvU="}},"74GsDS7sHqPJ5RCZKEJAOyeudZbvFNSyvj8962S6ZSA=":{"valueMac":{"type":"Buffer","data":"F+77Wk39cZJTyaIBMLCaF51xm78xus3UHrcSQys+lAE="}},"dIPqNQ4lab5QxS+hIHTLuGqYzHyWLdpfvumxJITAxoU=":{"valueMac":{"type":"Buffer","data":"h936bc4teolOD6mwAQlMfhjn1H2Gts0q+vD5o6IzwhI="}}}}