{"version":11,"hash":{"type":"Buffer","data":"omJ1tWK0ID5V0oraxIZizf+Gc9qoaypYITvfiMWA8BJOR+wqqostXYp8QpBtJKZjLIK9GpXVKPzuMQ+BA2VVPzI5nS0Kntpdnc8pFw7pa3Q2zjhoONgdfV+iuoeyIB96LZgO4q5zrtsRY7WutOaYfCs8hpyu33FxR3JJN6ZqIOA="},"indexValueMap":{"P8xyGP2CgVbllFbYeXxtUM/KfB4Hr/Q1drF6z86IgZs=":{"valueMac":{"type":"Buffer","data":"+iMuN2tDtEhzLZBf3eDhD1tIez+k6XY8vq2oXu8MIa4="}},"QZNuZdeGvNGkQdTatfC8B46Urs5pmY8ZAjVfVIqIPls=":{"valueMac":{"type":"Buffer","data":"zgrXsEyVSdMC5ZiZW1WpanswGLkaeq/yuc2DalgU48k="}},"ylofVX+lIMSdHE1EsFYffaGFBIBxUPSScmINPSnU5jQ=":{"valueMac":{"type":"Buffer","data":"n2mT3nzsy/rMhB52k0aylg6r8AEQd5NrU+adCaEj8q4="}},"1r5YjMgSwCvMVEmxkkf6dG62YRiQVJCdK+6l/dYC+vI=":{"valueMac":{"type":"Buffer","data":"NUvtaSk7gOuu3M3dGs34V8t/eqeUSEU3nAiZAm04Gy8="}},"+BZ70fy0qTjGgll+lTYvgWN82sbM+f9UjTsNXSpexbg=":{"valueMac":{"type":"Buffer","data":"j1BvKS7O2bWdzLPNJETZIXgXa8afAGNBYtQOnDk22As="}}}}