{"noiseKey":{"private":{"type":"Buffer","data":"CIVaoll3prgv8wBzto2Wp43ZKARI1mFbOSaOgvQhanY="},"public":{"type":"Buffer","data":"v+u1HBK6jiNo7YH71kNsgXT25KnJwVnUz2tTHoyTES0="}},"pairingEphemeralKeyPair":{"private":{"type":"Buffer","data":"+Erswb8Jw3I/KAHftDRyPd9o0vgsVgmfr+kjGeHAVVw="},"public":{"type":"Buffer","data":"SSummfc3qYcJtoayRPO8CfSzcuD3t8UiReeWLbFfDjE="}},"signedIdentityKey":{"private":{"type":"Buffer","data":"oNvZZETuxJd/uA+i6ctcVFg5jbKVHvSCjs9EYkj0NVE="},"public":{"type":"Buffer","data":"rWsXMaF26zkkADvo9fFkE82u7NLWVJ6lIAQr6u+Gxy4="}},"signedPreKey":{"keyPair":{"private":{"type":"Buffer","data":"0KkJYYF1DTCLiZt698RibRqvWtvrVA1/AiS2PNy0HEQ="},"public":{"type":"Buffer","data":"aQFXsWV1Y2xw+TGS71UyBKD+ALaJdoIZ3O/jSCvPhyA="}},"signature":{"type":"Buffer","data":"S8+sKU0hlrx2R0nQB/znGc2JrJx9AltlLZYy7dKrFp4rDKeX+ro2HTMgUGLfXAA3T6JYE+EJesv/YBAWu2csBg=="},"keyId":1},"registrationId":233,"advSecretKey":"oXcIogwbG+49LUjdP55COolXzvWe0J78jZqoMUVeFps=","processedHistoryMessages":[{"key":{"remoteJid":"62815426921785@s.whatsapp.net","fromMe":true,"id":"574D2503B07B1CF024F81C1070701C0E"},"messageTimestamp":1743391192},{"key":{"remoteJid":"62815426921785@s.whatsapp.net","fromMe":true,"id":"D76DFE648C6A7F4EF7CDB03BE74EE542"},"messageTimestamp":1743391194},{"key":{"remoteJid":"62815426921785@s.whatsapp.net","fromMe":true,"id":"538AF23F3AD72EAE4996B50436CB407D"},"messageTimestamp":1743391239},{"key":{"remoteJid":"62815426921785@s.whatsapp.net","fromMe":true,"id":"0AEA3BF514B0EADCE5417A40A85B335C"},"messageTimestamp":1743391254},{"key":{"remoteJid":"62815426921785@s.whatsapp.net","fromMe":true,"id":"B29C2E306C72DA3A6D3966468FBD9FD1"},"messageTimestamp":1743391256},{"key":{"remoteJid":"62815426921785@s.whatsapp.net","fromMe":true,"id":"EBCF7363F1E5F7D8F4555C2E6F3B23FE"},"messageTimestamp":1743391258},{"key":{"remoteJid":"62815426921785@s.whatsapp.net","fromMe":true,"id":"52F7A1B95FE280E215D978974800021F"},"messageTimestamp":1743391259}],"nextPreKeyId":31,"firstUnuploadedPreKeyId":31,"accountSyncCounter":1,"accountSettings":{"unarchiveChats":false},"registered":true,"pairingCode":"MRCN5H1D","me":{"id":"62815426921785:48@s.whatsapp.net","name":"Cloud Product","jid":"62815426921785@s.whatsapp.net","lid":"73654964617264:48@lid"},"account":{"details":"CPenx7kBENCTqL8GGAkgACgA","accountSignatureKey":"8GJnd1iX/7fMq3YD5zUciiC4cIinX9NIJk1fM9YiwB0=","accountSignature":"3eDbWKgwBptQrgzd0nb+DIikvJjNUmVDdoZ34sJoCYyBcKka1vdhLn9rrR10qjc7TOGRADagw9u3RVB+XWLHAw==","deviceSignature":"bm3Bz7ErgdKROYBINtzfDBF7fBXSXmXT0yADWwcN94CCRqtrmkE3cZScintdJD7opidtAvPWacHQMrxDoLmdBw=="},"signalIdentities":[{"identifier":{"name":"62815426921785:48@s.whatsapp.net","deviceId":0},"identifierKey":{"type":"Buffer","data":"BfBiZ3dYl/+3zKt2A+c1HIoguHCIp1/TSCZNXzPWIsAd"}}],"platform":"smba","routingInfo":{"type":"Buffer","data":"CAgIDQ=="},"lastAccountSyncTimestamp":1743391275,"lastPropHash":"3R9Z39","myAppStateKeyId":"AAAAACUB"}