{"_sessions":{"BeVL04U18sFZrI/Rv3dvQgL7Zxf1Hs7JbEsqMUNvBUIC":{"registrationId":574130391,"currentRatchet":{"ephemeralKeyPair":{"pubKey":"BVHL3jupjq9TntBfLkgOHDwJL+V2PxNaK5VJO0TRBLFm","privKey":"gApQIwrG2Bz6VzICGyvOhF9S4EquE9hNtRe8Xdn8UXk="},"lastRemoteEphemeralKey":"BXH1toHWNygaaCRqz9tHJLkCHUgZipPkwrMspazO7vF3","previousCounter":0,"rootKey":"CTb2D+sOHb+sN2SYIUjg2LzcLZB/Y1t8+beSoAyQ2Lw="},"indexInfo":{"baseKey":"BeVL04U18sFZrI/Rv3dvQgL7Zxf1Hs7JbEsqMUNvBUIC","baseKeyType":2,"closed":-1,"used":1743391759638,"created":1743391759638,"remoteIdentityKey":"BR3UvutsLOCAjHK0QRt9ZaaKXPYfPJ3sLd9cDhqzuOY1"},"_chains":{"BXH1toHWNygaaCRqz9tHJLkCHUgZipPkwrMspazO7vF3":{"chainKey":{"counter":0,"key":"chI2cv92TQR4wAbCvpcfSBQ8uQlhjROEMSO3Reg1iHM="},"chainType":2,"messageKeys":{}},"BVHL3jupjq9TntBfLkgOHDwJL+V2PxNaK5VJO0TRBLFm":{"chainKey":{"counter":-1,"key":"IrbubhKLaro+o/luGMBCQvjsRkJaMGLGx6PKj6uyOHk="},"chainType":1,"messageKeys":{}}}}},"version":"v1"}