{"_sessions":{"Ba3wwMZJuKxNSTq52gr2l14Dx8C52NtZ+emCx4oicaom":{"registrationId":15103,"currentRatchet":{"ephemeralKeyPair":{"pubKey":"BSma0DgJ0tcpmrBIwXl+La3AJkcNiKNgIjbetRtAsVVx","privKey":"cABPBnNOZuJXd73MKs7WaU5BvUC5Jz7VfsTLNNAuIFQ="},"lastRemoteEphemeralKey":"BQ/rzFjHxq4MGiCESOPmLjP5H4x1QA/4akdqb/EzuOkX","previousCounter":0,"rootKey":"ODL/FpBvayXV4BsvREbYU39OtewPN1qzun3o5HDRAnE="},"indexInfo":{"baseKey":"Ba3wwMZJuKxNSTq52gr2l14Dx8C52NtZ+emCx4oicaom","baseKeyType":1,"closed":-1,"used":1743391288660,"created":1743391288660,"remoteIdentityKey":"BWz6J5z13XT0VUE0uyaCsTRhFsfFDpdcIxHN37KwFYtI"},"_chains":{"BSma0DgJ0tcpmrBIwXl+La3AJkcNiKNgIjbetRtAsVVx":{"chainKey":{"counter":0,"key":"oJSEjlU2bMv5wdy7L7VspzNtNsebWFvl6iGo6c8dbhk="},"chainType":1,"messageKeys":{}}},"pendingPreKey":{"signedKeyId":1,"baseKey":"Ba3wwMZJuKxNSTq52gr2l14Dx8C52NtZ+emCx4oicaom","preKeyId":1865}}},"version":"v1"}