{"_sessions":{"BVMsyNt3aM7ip6HBMWN6Ek7O2qVtb0J3OUfR3+TnxgVN":{"registrationId":1272906769,"currentRatchet":{"ephemeralKeyPair":{"pubKey":"BTstZ3NyYN1vJauHfVuWiAgzrzWkNQbiRZ+PcksKILsi","privKey":"oJ4jY8OR0i8v9i9ugPSD+4WRhQ+segovdLkX61bTCXw="},"lastRemoteEphemeralKey":"BfenGGnuNgdw4ZdCIJtRfIUomSgWEUS0gV9n6DiFhKYb","previousCounter":0,"rootKey":"dpGJrwdTFs9WFzohgvn2czLH15C1P6Rx0k8xivwuuBo="},"indexInfo":{"baseKey":"BVMsyNt3aM7ip6HBMWN6Ek7O2qVtb0J3OUfR3+TnxgVN","baseKeyType":2,"closed":1743391190987,"used":1743391190279,"created":1743391190279,"remoteIdentityKey":"BfBiZ3dYl/+3zKt2A+c1HIoguHCIp1/TSCZNXzPWIsAd"},"_chains":{"BfenGGnuNgdw4ZdCIJtRfIUomSgWEUS0gV9n6DiFhKYb":{"chainKey":{"counter":1,"key":"VsvITVJ3Pb9n+4cSFIRat6TTogxJ6+10IA9o+RozJJs="},"chainType":2,"messageKeys":{}},"BTstZ3NyYN1vJauHfVuWiAgzrzWkNQbiRZ+PcksKILsi":{"chainKey":{"counter":-1,"key":"nr3OUH2ZLm94ofp0Qs53YKckCZdsuZkHLz7bYoaIydw="},"chainType":1,"messageKeys":{}}}},"BXnTUYFVinKZpYSwLQw6F6mRA6eoS21TKC78YEdXKtxb":{"registrationId":1272906769,"currentRatchet":{"ephemeralKeyPair":{"pubKey":"BcXafkRptiea1sZS2NZ01EZook6YPC1/C00B4PZgm6kN","privKey":"0Mm1q1Y6+hqfopJDgTnXjkKSPV9uXhDHMswlMsZtGUI="},"lastRemoteEphemeralKey":"BfEcgxkO6P4AeV/D+oI6EvkcftD+1JMdwvCzq04ScjpU","previousCounter":0,"rootKey":"34usOO5Kg9Uj//aWzczmuzx7vtv3enwwvn2MEMVo1RE="},"indexInfo":{"baseKey":"BXnTUYFVinKZpYSwLQw6F6mRA6eoS21TKC78YEdXKtxb","baseKeyType":1,"closed":-1,"used":1743391277707,"created":1743391190977,"remoteIdentityKey":"BfBiZ3dYl/+3zKt2A+c1HIoguHCIp1/TSCZNXzPWIsAd"},"_chains":{"BfEcgxkO6P4AeV/D+oI6EvkcftD+1JMdwvCzq04ScjpU":{"chainKey":{"counter":11,"key":"+Hb27dJ8z9We7SGUd4M+aDNqhHa24HkfnCdkPfbVpc8="},"chainType":2,"messageKeys":{}},"BcXafkRptiea1sZS2NZ01EZook6YPC1/C00B4PZgm6kN":{"chainKey":{"counter":2,"key":"wxnVEnNwo6oF58mFnVxYyAnjCES0Pi1c+xcCK67P9Nk="},"chainType":1,"messageKeys":{}}}}},"version":"v1"}