{"_sessions":{"BWCKae9oP4nHni8iUaP/8yUxb+pAJqSW9XfQD8V0bbdY":{"registrationId":1133851582,"currentRatchet":{"ephemeralKeyPair":{"pubKey":"BU1QLnTwYBSOYzkSYstdD/23eRfjT5xIwB3qNr3GVOt+","privKey":"gKeXh20Mh4pdxgSD3OASiNntpKMfZzG65Eb9qF2U90o="},"lastRemoteEphemeralKey":"Bc3Ijhw7Ly4Bkk5vZfaDsiG4esEqlImYR7sacMjTEMwX","previousCounter":0,"rootKey":"453eAKe5uo2A4NuGb50z7VoRz+nLaMBc+MDrA8pxAvM="},"indexInfo":{"baseKey":"BWCKae9oP4nHni8iUaP/8yUxb+pAJqSW9XfQD8V0bbdY","baseKeyType":1,"closed":-1,"used":1743391288678,"created":1743391288678,"remoteIdentityKey":"BemARO2UCS9bU4UoczHS5Tx592aviSFc3JjwhhvQ/UcE"},"_chains":{"BU1QLnTwYBSOYzkSYstdD/23eRfjT5xIwB3qNr3GVOt+":{"chainKey":{"counter":0,"key":"okseFfMTb4g2+NMlmqQ1JEFX2tjwalZTYm0tHhRXA0M="},"chainType":1,"messageKeys":{}}},"pendingPreKey":{"signedKeyId":2,"baseKey":"BWCKae9oP4nHni8iUaP/8yUxb+pAJqSW9XfQD8V0bbdY","preKeyId":6998914}}},"version":"v1"}