{"_sessions":{"BTSNhomn+ntyJ465nE+1KGnlWHEIfaOY2jLEqGEAu4B9":{"registrationId":1966960932,"currentRatchet":{"ephemeralKeyPair":{"pubKey":"BRpISrhZBWwtx/zHkCH1OoLaEklgFFCcauBdVULmmIlP","privKey":"+FvyldNJ3hetm8dfx+CcvPyTRZSE1LvhKXCndoq8EFI="},"lastRemoteEphemeralKey":"BUPEHhlN3WGEigoSa6a7LomYeYxaC78Ma733xVjgRzIU","previousCounter":0,"rootKey":"/JsyHUD2v4JJQcj8D2QWb+GyX5Dawpcw/mYRZg5DbII="},"indexInfo":{"baseKey":"BTSNhomn+ntyJ465nE+1KGnlWHEIfaOY2jLEqGEAu4B9","baseKeyType":2,"closed":-1,"used":1743391474959,"created":1743391474959,"remoteIdentityKey":"Bfb+AzKpQOlWmzGyrqeLzxwhfYJFp0/58MFKOBp4uo0w"},"_chains":{"BUPEHhlN3WGEigoSa6a7LomYeYxaC78Ma733xVjgRzIU":{"chainKey":{"counter":0,"key":"VOhA3tjEIjFR17zz4f01zTefRGNYoCidF/YDbZWuHNI="},"chainType":2,"messageKeys":{}},"BRpISrhZBWwtx/zHkCH1OoLaEklgFFCcauBdVULmmIlP":{"chainKey":{"counter":-1,"key":"8ECJHHTtry1EEgm+fHRnhoispsMGrUdOnO0difYgCnQ="},"chainType":1,"messageKeys":{}}}}},"version":"v1"}