{"_sessions":{"BSlWeCuWwf3xBZtteGiuwVdgvcWlhbXnO/k/9AzLxZI1":{"registrationId":134,"currentRatchet":{"ephemeralKeyPair":{"pubKey":"BRbmTZuZar4NcwGsnML14GjKA4AKUftJ7tQ6ybV/obJp","privKey":"ACMW12uL4/akq8N7RQbe/B0bhZFqU48IlFWuZ0AEfFo="},"lastRemoteEphemeralKey":"BVKlFJqXJ9EkCEKk292ZVygafNYP1mQnapzmSbD9GIUW","previousCounter":0,"rootKey":"0H+o2XCjN6P3+9vsSbexZBteERt9xS5wAOqaEKA/198="},"indexInfo":{"baseKey":"BSlWeCuWwf3xBZtteGiuwVdgvcWlhbXnO/k/9AzLxZI1","baseKeyType":1,"closed":-1,"used":1743391190952,"created":1743391190952,"remoteIdentityKey":"BeaYWH3AXGPSdA8ehh0RdUjcnHzTcdKb5pFT2pW6jj4w"},"_chains":{"BRbmTZuZar4NcwGsnML14GjKA4AKUftJ7tQ6ybV/obJp":{"chainKey":{"counter":0,"key":"ZYUVjajHABOd69WY4NHCCM0c/7IjdTUlKI+1N+aip2g="},"chainType":1,"messageKeys":{}}},"pendingPreKey":{"signedKeyId":1,"baseKey":"BSlWeCuWwf3xBZtteGiuwVdgvcWlhbXnO/k/9AzLxZI1"}}},"version":"v1"}