{"_sessions":{"BT62L3jA0pMW2GLTXaCnTOjUzZjjh02SZZmWz57ApTtv":{"registrationId":1991202235,"currentRatchet":{"ephemeralKeyPair":{"pubKey":"Bb6OxkPowNbtS+6BUXAuKx8UeW/Kc2Qr6v/ZOgyt670w","privKey":"8DDct8aFw4uxOgI5Y4/Z6kKDpU7UsALkAcCV8wTKEnw="},"lastRemoteEphemeralKey":"BVvXmGdtSGd/aCV8ek9ugo/j9pC7AVRARyPb80iqPw5+","previousCounter":0,"rootKey":"IKUa0oDWLa1pN4ojMpOMYm6oPn+MgoavYOduaX6BNSQ="},"indexInfo":{"baseKey":"BT62L3jA0pMW2GLTXaCnTOjUzZjjh02SZZmWz57ApTtv","baseKeyType":2,"closed":-1,"used":1743392151460,"created":1743392151460,"remoteIdentityKey":"BTzhGqXMMCVVQLucdC6rBlwbECWLRbydsUBs6t8xCq91"},"_chains":{"BVvXmGdtSGd/aCV8ek9ugo/j9pC7AVRARyPb80iqPw5+":{"chainKey":{"counter":1,"key":"WMNJMNVGRuOMuhsF0JZnXokLy/3pK/5e81fG9pKgXi4="},"chainType":2,"messageKeys":{}},"Bb6OxkPowNbtS+6BUXAuKx8UeW/Kc2Qr6v/ZOgyt670w":{"chainKey":{"counter":-1,"key":"z2wRoLNGKRyeCSU1tP1CAlOdMgVYSmKfHP41M8jEYNo="},"chainType":1,"messageKeys":{}}}}},"version":"v1"}