{"_sessions":{"Bd+yIOANpsTQorEOJ5O6zL4WMmAZgbxi7EgwewK96zNj":{"registrationId":16127,"currentRatchet":{"ephemeralKeyPair":{"pubKey":"Bf4fjyjUJ32iXpmnYusv365ofRB36N0l5/h6IJQdfaUt","privKey":"yAVIH/MQqURsR2YcLjnM0lxI0IMSLpZIOQ9rqRT5W3k="},"lastRemoteEphemeralKey":"BZ+1puFeO7/I5Cy6nH8tYZgvaOsD70LI13FfRJFCn3UE","previousCounter":0,"rootKey":"zCbiJv2xX+URoyOossV+eR69t+Z7JMEu6pPL35QZZIE="},"indexInfo":{"baseKey":"Bd+yIOANpsTQorEOJ5O6zL4WMmAZgbxi7EgwewK96zNj","baseKeyType":1,"closed":1743392313536,"used":1743391288670,"created":1743391288670,"remoteIdentityKey":"BVeAZZtOS4CpfgAiet6bcTWVx11tQYVJuF0Jt2aYha8A"},"_chains":{"Bf4fjyjUJ32iXpmnYusv365ofRB36N0l5/h6IJQdfaUt":{"chainKey":{"counter":0,"key":"Ne7r0ztc0fCa50D3r1e6E219aaD/XLAVhq9mn9+OGew="},"chainType":1,"messageKeys":{}}},"pendingPreKey":{"signedKeyId":1,"baseKey":"Bd+yIOANpsTQorEOJ5O6zL4WMmAZgbxi7EgwewK96zNj","preKeyId":225}},"BQfOPOqAMBU9DO9wlYH797OJ8wopuCqddG2Z6Q79dpJi":{"registrationId":16127,"currentRatchet":{"ephemeralKeyPair":{"pubKey":"BdSU/Uj8auIFbLWkRWTVBZMOTNXOWYALBlfbco/suGM9","privKey":"eG0V/k4rHCHjtNB7onhA+6vQ1g9cArquapvo6Qr6/E8="},"lastRemoteEphemeralKey":"BYOFnrEnFbmzZCQQvleehD8azeYKD/xyeS2qrQ0dl1t3","previousCounter":0,"rootKey":"Ycu4IcxLkAAGl35gcefgwtKZaBl5ckPAYlYYUEgER8o="},"indexInfo":{"baseKey":"BQfOPOqAMBU9DO9wlYH797OJ8wopuCqddG2Z6Q79dpJi","baseKeyType":2,"closed":-1,"used":1743392313544,"created":1743392313544,"remoteIdentityKey":"BVeAZZtOS4CpfgAiet6bcTWVx11tQYVJuF0Jt2aYha8A"},"_chains":{"BYOFnrEnFbmzZCQQvleehD8azeYKD/xyeS2qrQ0dl1t3":{"chainKey":{"counter":1,"key":"Xt40UPaNvQFQXajcDIIF2mjslRtMBvh3U78LhyMf8aE="},"chainType":2,"messageKeys":{}},"BdSU/Uj8auIFbLWkRWTVBZMOTNXOWYALBlfbco/suGM9":{"chainKey":{"counter":-1,"key":"vCMvPSZV3U3a6piXS0C1MBPhk9z9b4Pjj44LH7gbwUI="},"chainType":1,"messageKeys":{}}}}},"version":"v1"}