{"_sessions":{"BVxi00o+qk7c7c1ETMXd6DOfsfN9V8J1fCzf2MfFxOQl":{"registrationId":13755,"currentRatchet":{"ephemeralKeyPair":{"pubKey":"BQncMRWT+6Vz+IPVLp32cF9lCx2eoeUBfgq/jbnNxuIm","privKey":"iBm9k7RAkJ78sEYCORlvS11LgArmcqPaz/rosxKPqXE="},"lastRemoteEphemeralKey":"BYVngL61vbGW7BY1/YdnreKqACXkjOCkzomjV8m7T1h/","previousCounter":0,"rootKey":"RWTwVcX5UpAuDO65MiahZJQwGrkFE6ICdPtx30mGC1E="},"indexInfo":{"baseKey":"BVxi00o+qk7c7c1ETMXd6DOfsfN9V8J1fCzf2MfFxOQl","baseKeyType":1,"closed":-1,"used":1743391190961,"created":1743391190961,"remoteIdentityKey":"BWaWDnmA8lTqorFVAQQg+4EJ442b+zQfMgUv+297ek41"},"_chains":{"BQncMRWT+6Vz+IPVLp32cF9lCx2eoeUBfgq/jbnNxuIm":{"chainKey":{"counter":0,"key":"C3RtXl5IX6noQC0W7od3s9oaovUGtw8BMprPEuActQo="},"chainType":1,"messageKeys":{}}},"pendingPreKey":{"signedKeyId":1,"baseKey":"BVxi00o+qk7c7c1ETMXd6DOfsfN9V8J1fCzf2MfFxOQl"}}},"version":"v1"}