{"_sessions":{"Bel1oTsNCIkn1j8IzbPqEREuWzZmyB9JNyvkM5uwhl8U":{"registrationId":78,"currentRatchet":{"ephemeralKeyPair":{"pubKey":"BTE2NSJb/q/Z4qHJhA2cOy1k7Tsy2AtdcgQL+mTXOx8X","privKey":"uM42zygMD6rJPs8NlBuscZ4D4Skxzn0a0D/yefmx624="},"lastRemoteEphemeralKey":"BSSjSdHsZAiNf6BjWsiIrBs1DuqPx2WB5q7PDD1fk7tf","previousCounter":0,"rootKey":"WUrPtiAI6sJQ2Y8RLnLKW2PbV2w6726l1MSBxBBsryc="},"indexInfo":{"baseKey":"Bel1oTsNCIkn1j8IzbPqEREuWzZmyB9JNyvkM5uwhl8U","baseKeyType":1,"closed":-1,"used":1743391190973,"created":1743391190973,"remoteIdentityKey":"BSDZ2UkKhPRAuuHRRbqSawZTQmJIm1k7dLsOAAN9z8EU"},"_chains":{"BTE2NSJb/q/Z4qHJhA2cOy1k7Tsy2AtdcgQL+mTXOx8X":{"chainKey":{"counter":2,"key":"0vDKX2vTkNLrP8SSvgwHXRHh1p15FpfzjZ6Ru+pnXGI="},"chainType":1,"messageKeys":{}}},"pendingPreKey":{"signedKeyId":1,"baseKey":"Bel1oTsNCIkn1j8IzbPqEREuWzZmyB9JNyvkM5uwhl8U"}}},"version":"v1"}