{"_sessions":{"BbmF0H7dU4JkM5fmgMvfPiiqP6nPbsrilhxP0OTWBGRf":{"registrationId":1828146296,"currentRatchet":{"ephemeralKeyPair":{"pubKey":"BTJdqb0NK06dkJAO85NSQI7JdaSbWeaYwTtIvvtI0psO","privKey":"6G4Z3OUxhqkNetk50wM7yr5+GJufNPnc3WFfY5pdFEY="},"lastRemoteEphemeralKey":"BQ8zGIJFk0XRp87bT86+hB1bodjmfJqmOS3FOAyccWpM","previousCounter":0,"rootKey":"mlJiPo9i3KnkRqCh/jeeYjvZa9VuC0h47b+IjgjnWKs="},"indexInfo":{"baseKey":"BbmF0H7dU4JkM5fmgMvfPiiqP6nPbsrilhxP0OTWBGRf","baseKeyType":2,"closed":-1,"used":1743391733244,"created":1743391733244,"remoteIdentityKey":"BQ4Z18411IxvOJEFYak+PSChiPPKnsNw30X7dLwjGJ5s"},"_chains":{"BQ8zGIJFk0XRp87bT86+hB1bodjmfJqmOS3FOAyccWpM":{"chainKey":{"counter":0,"key":"0FTUSJvSRoMqGNoL4EP5FLUT5PAaFeLwfyYyLheuD+M="},"chainType":2,"messageKeys":{}},"BTJdqb0NK06dkJAO85NSQI7JdaSbWeaYwTtIvvtI0psO":{"chainKey":{"counter":-1,"key":"JDY80A8+O/0FotSV4KjdIKlc2OOZeWroapfAD+9uVh0="},"chainType":1,"messageKeys":{}}}}},"version":"v1"}