{"_sessions":{"BaYsAc7Dcj8rp0/vxoJwIYdkuDR2wPxN74CHttLlZokJ":{"registrationId":2599,"currentRatchet":{"ephemeralKeyPair":{"pubKey":"BYG0oE/x76UoiYJj1qMAYTiohcPtxitjzgGpWhnPpkh9","privKey":"EMizxgXlf7+mT9Bhu3a57ZRPFO+cmqpS2E6m7RVMAGU="},"lastRemoteEphemeralKey":"BcfxEGjmFJLIJ6C5pbHimdiTo6KwTifOVuMRHNQ3j6Q0","previousCounter":0,"rootKey":"7SdcQ1O8vsknLKS5MPzk0PASacRHqmuPVDvo7o+O21o="},"indexInfo":{"baseKey":"BaYsAc7Dcj8rp0/vxoJwIYdkuDR2wPxN74CHttLlZokJ","baseKeyType":1,"closed":-1,"used":1743391190957,"created":1743391190957,"remoteIdentityKey":"BUMqftl3S3LW0KDbaLGxUcEjlGJ0s2z1rHHpRraUcq8r"},"_chains":{"BYG0oE/x76UoiYJj1qMAYTiohcPtxitjzgGpWhnPpkh9":{"chainKey":{"counter":0,"key":"kJWN08fJoS/saUR+WIYtw8VYtjM/RJxbMoV27ysaeS0="},"chainType":1,"messageKeys":{}}},"pendingPreKey":{"signedKeyId":1,"baseKey":"BaYsAc7Dcj8rp0/vxoJwIYdkuDR2wPxN74CHttLlZokJ"}}},"version":"v1"}