{"_sessions":{"Ba0ChM+t4SZhF71XobhLfn7dqnY5JqJ9S9+9k+JAYMky":{"registrationId":902039462,"currentRatchet":{"ephemeralKeyPair":{"pubKey":"BbAbiiMZHPx6eL0cygIPc2vM33nNjsbQhOlVvCpdOQtY","privKey":"+MjpfX6SLjA5GyVSkGlGF94TaFXNvkeKd6NLF6HY30g="},"lastRemoteEphemeralKey":"BWYq3YjudleZVAR5R3x4hqARnQEdErCWivXEUH/qYURv","previousCounter":0,"rootKey":"fT53DsWmb0edMQiRRHG00aj+s8ldeFdl5BEm7T+L1E8="},"indexInfo":{"baseKey":"Ba0ChM+t4SZhF71XobhLfn7dqnY5JqJ9S9+9k+JAYMky","baseKeyType":1,"closed":-1,"used":1743391190982,"created":1743391190982,"remoteIdentityKey":"BQpHPuhT02FNMfRGuWZ+nOuHnxElCs2ZT4hvheJN6nwz"},"_chains":{"BbAbiiMZHPx6eL0cygIPc2vM33nNjsbQhOlVvCpdOQtY":{"chainKey":{"counter":0,"key":"tS7srk60lFyzcpPt/c8SsAEPF2mLHbgxChOZxofw71E="},"chainType":1,"messageKeys":{}}},"pendingPreKey":{"signedKeyId":3,"baseKey":"Ba0ChM+t4SZhF71XobhLfn7dqnY5JqJ9S9+9k+JAYMky","preKeyId":4206857}}},"version":"v1"}