{"_sessions":{"BZq/83t/4yZpj9kua+C5mmK5wd8wqeoMJskTC6k9985v":{"registrationId":136,"currentRatchet":{"ephemeralKeyPair":{"pubKey":"BQflR9DFKeQBEhHi7ows7/kB/NWB863ruE8L3XoV3YJz","privKey":"KMVbzwduZc0DBK+2hsiV383C7PEvAcknGzj16w5GYXQ="},"lastRemoteEphemeralKey":"BeaYf89BHHGamgdi/bE92gE2n9OigJc7udY+P/mH+jsG","previousCounter":0,"rootKey":"bg7ju25iykoJeihzpCfzrNcLeS5ITxbHmoJiZVTDABE="},"indexInfo":{"baseKey":"BZq/83t/4yZpj9kua+C5mmK5wd8wqeoMJskTC6k9985v","baseKeyType":1,"closed":-1,"used":1743391190967,"created":1743391190967,"remoteIdentityKey":"BQlHaLgBYHZ/Pd5hEbPHSy3u4Zy1orRokdZi8MKpJi9k"},"_chains":{"BQflR9DFKeQBEhHi7ows7/kB/NWB863ruE8L3XoV3YJz":{"chainKey":{"counter":2,"key":"nZTCtnRzPvqRSAmy4mcsDVRn5zFLCYiNRu7z42iIO7U="},"chainType":1,"messageKeys":{}}},"pendingPreKey":{"signedKeyId":1,"baseKey":"BZq/83t/4yZpj9kua+C5mmK5wd8wqeoMJskTC6k9985v"}}},"version":"v1"}