{"_sessions":{"BSDuVffo+fHHpF692O5rqLkEkUNgvkoYrDgmoxZUaXI4":{"registrationId":51,"currentRatchet":{"ephemeralKeyPair":{"pubKey":"Ba5TNxZtGUjnpRO6lI9kXXQKA4O2lIxhAqOCcDlKsqt0","privKey":"qAXx80a962yWWsYM0u2O/3HpgcAaBuy7pOtp8OOZEHs="},"lastRemoteEphemeralKey":"BUADwjseoQ2RgznN/uSe6DzFco/f4MghZaF4jgs0BdQa","previousCounter":0,"rootKey":"LOwD3vkgdewSVHTkhAKtgyITLooZS/ibAI5SrFByjf4="},"indexInfo":{"baseKey":"BSDuVffo+fHHpF692O5rqLkEkUNgvkoYrDgmoxZUaXI4","baseKeyType":1,"closed":-1,"used":1743391190948,"created":1743391190948,"remoteIdentityKey":"BXwufYJOlP2+A1mQ2xTVyZOpTe/8TRmlkAyLHd6S89EX"},"_chains":{"Ba5TNxZtGUjnpRO6lI9kXXQKA4O2lIxhAqOCcDlKsqt0":{"chainKey":{"counter":0,"key":"TLy0KkWt21JRDiAhq8e97nYLiCeY1zh3cg/i+VmVwes="},"chainType":1,"messageKeys":{}}},"pendingPreKey":{"signedKeyId":1,"baseKey":"BSDuVffo+fHHpF692O5rqLkEkUNgvkoYrDgmoxZUaXI4"}}},"version":"v1"}