{"version":4,"hash":{"type":"Buffer","data":"Z1Kc5olOMsMW8P9DZmPfuhGXG1aHU9Yb1xyLnqNSpxSha1W2zHs4kmm5E48nQKp5TjOsrTbqeLkAMPBOX33oOITb71XFhVenRC2LF9fCF34jnhh27UwLbbMEoEzG70lO/j1MPQF55CH4dSXv8g7ci6PE8q8dqNzg2uwy3YrmKAo="},"indexValueMap":{"lZs9u4f19neH7RtqPbVUO1VDt7P/Dhhh/CRm5ZJH9Ec=":{"valueMac":{"type":"Buffer","data":"ulvNxcldZOjfC0hdxdLdMLTQ5trs51W4RDqYv/2MwzU="}},"SuCumYpy6mtGCaYsUFRD4vP948jjLRICke6t02xeE1w=":{"valueMac":{"type":"Buffer","data":"NiV3PfV19/cg+ilijrIlDIeXX/G6tIIsklZ7ZUqSK84="}},"uGeYD+Ay9Lo3smnmOnBq4Yse+tMV8GktLgHgC8AeHdE=":{"valueMac":{"type":"Buffer","data":"LwLAXGj8Ue1gk2h2K1Eg2UEtGD4hUl/Jm+6opCFQaJI="}},"EqCvMl/CMs3Axrsrd29Jyg6nU0LSI86iM87Bg64EEtE=":{"valueMac":{"type":"Buffer","data":"AM3gJF0psT/b5IfL+IhTp2A4kFXYeGip3bpN98zHQug="}},"vHFuUAD9viSPXz9P8NTIgLcgNAJb9sVfyPwviwB1t6c=":{"valueMac":{"type":"Buffer","data":"4W3+Xof847KDb5d3TSDgKGjYIzGPbTWBNoQqHbOsBiE="}},"CJ10n+bgbjD0Mptu5blr/1WLiUBH1UV7XPi2GJOmNZc=":{"valueMac":{"type":"Buffer","data":"NAnRzKpf0gMYbgOzAIal8jI4nzYR52oKprYhc5muJpc="}},"MuLUMcjz2lJzcbsmQ2BN9iuEWepBZn0f8p3nTJhUa90=":{"valueMac":{"type":"Buffer","data":"XeKUSdHRyy7Lw5N8h84UBcA8rEI1RQCfQd5JwlPGP1g="}},"xGaww2uHpzIxicow/WN9x5vq3a8HjbRJIcJnD9/Ns8w=":{"valueMac":{"type":"Buffer","data":"vpEHYAbkmNM/dmSWmDgBk0G98FHUd37b4mYgjIy658M="}},"fLFw60YwO4x9EhLKU0ECGD8MAsGwxmxGO6+g2wHWzvY=":{"valueMac":{"type":"Buffer","data":"KvAF9wRcLCPKUaNbj1iHFAgPYd8I/JuUfdT7xaae4i0="}},"bsQNHQNL6iu2z3B8ZGkhNmbRKbqa9kDXKiHS/gFZQN8=":{"valueMac":{"type":"Buffer","data":"uh/qHxj1mSSzbBV1PAy73wsBXRESw+LPSbWMsYsWMI8="}},"TnRWYxqMpMiqZZCducpGBLOzEhMbzM9js9tqWFNXpi0=":{"valueMac":{"type":"Buffer","data":"P9pgRXN3Ue02jEt5HXpER9XQbiSQ7MyJz7REc3Pnw+0="}},"c4nkz3ZfzrnH0NIcwdrOgMf/cY1K02skv+eHxMn639U=":{"valueMac":{"type":"Buffer","data":"CzXt0K3OwenxERAdxYn1d8J/AfepkpujNx5DZrUbGNk="}},"JgZGH+qHrmvwFfq71Ev5uEP4SCb1KAbNqxabB0dFiT8=":{"valueMac":{"type":"Buffer","data":"bblSHXtAjjoLGUSiCJaMtoABC+Rhq9Kn1AFrpn+xuqc="}}}}