{"version":2,"hash":{"type":"Buffer","data":"FBsysh7qBz9qJ73F3O+IMl+V2RN1xVut1WC74RonzBbuoHxPazyi4EAC4ipQzCMYAU8lNak7+bMn5MEEhGlwQIPk8PgC8Efla8yuM0pqQyKbYnGofZP/ScjDgtgxQu5Md5t2aFZyRgdDBAqpcsQSDLqjClLhdVkV+43L6P35jZE="},"indexValueMap":{"AHSOitgaXesPsPHEiYII7G1NOBLMM55pN5vMc6lJL0s=":{"valueMac":{"type":"Buffer","data":"GfdslHCMBAtThM2w6zI2POkEPh5H90MTs2vpCiYENUc="}},"XH+mPXkp7T+2EkhNh1EZAV2mDkCVoiSGFRDaxyMQYQ8=":{"valueMac":{"type":"Buffer","data":"NeiloBcRvKwTjqETz1N+vokwCYg8Ms36OoJw0SJzRW0="}},"P38WxjwzE9BpnJQHknTpmsr1hCQwAKLenmqDxQvKQF4=":{"valueMac":{"type":"Buffer","data":"R6b37BKk0t+9aRYz595gNJcjcb5WjAspcXB8hQ7pSBg="}},"Q17JCSYyYw1ODx5KjnWyhghdlzhYoFeE0mf5rIQDRDg=":{"valueMac":{"type":"Buffer","data":"wrAQJikQUnd31KXJvJIDTnH6F9enyVDCJEMU0jjKn2w="}},"+nioUJfp0bfqkHQvmF+I++adY2Zj/ObDrwSC2Iy/w2M=":{"valueMac":{"type":"Buffer","data":"3C2wTa/LQuAy5BW1eOQvQhfAVqiuaM+Kr7Qa0zsoUms="}},"xjn6S2D9Zml/pdN+ST1eF55x4oHVX9ZEn6GDf4lKEx0=":{"valueMac":{"type":"Buffer","data":"u26w9ElLwpCwVdGo0D/l+LSN5TvhTEYAAM33cH70OMQ="}}}}