{"noiseKey":{"private":{"type":"Buffer","data":"ALkNf0uaVKq2U/qnlYs4eSCCyDnh1z+mWR1+46BD7Fc="},"public":{"type":"Buffer","data":"59jrFLgFz7D2yIX6ZE3WZe9WphTMhEmLaL13lXkVaxc="}},"pairingEphemeralKeyPair":{"private":{"type":"Buffer","data":"UH+J6RT1GWJKR8w4H3+TrL4aGH+PAB3Y13Zrfg80T1o="},"public":{"type":"Buffer","data":"1RYZ5q7l/4/lM9bay+w8BnDtp7yn8iqIkNArL5HSQXg="}},"signedIdentityKey":{"private":{"type":"Buffer","data":"iKNyhHZr/ItN2D3u0O/M5cmkybqTOJZ+yNCZSry2jHQ="},"public":{"type":"Buffer","data":"UDolT3xbcgrLuub9dpo9ynAA8Jhwy0bm+cTczIn0RUk="}},"signedPreKey":{"keyPair":{"private":{"type":"Buffer","data":"0HnLaNLWFUFatUnSfSotYBJgFh2UN+sjexM7TvNUj0U="},"public":{"type":"Buffer","data":"sv3tB+zuFGQUHrTHeTHpr3egC4gwi8+1fEfAXUjWCB0="}},"signature":{"type":"Buffer","data":"aJ6cu3r+GsLhrtLfRs8ck4Uv1xnMiJdMsx2chqrsnq5NIY9xb26TI+cDJCFKx3linGigREAZHgTEQ3KIiPsahQ=="},"keyId":1},"registrationId":12,"advSecretKey":"Gpl3l8jaRPlhtGIl981cCmn8eG2wzBNy1VDBB/rJVC0=","processedHistoryMessages":[{"key":{"remoteJid":"62815426921785@s.whatsapp.net","fromMe":true,"id":"5D68DFA7EDDD1A6CB284D901DB4D6E3B"},"messageTimestamp":1739437013},{"key":{"remoteJid":"62815426921785@s.whatsapp.net","fromMe":true,"id":"79AB0D55C54E170DF6E9858FBA6671E3"},"messageTimestamp":1739437013},{"key":{"remoteJid":"62815426921785@s.whatsapp.net","fromMe":true,"id":"0BCF4B5C8989A793BE7E94B80ADFFE21"},"messageTimestamp":1739437016},{"key":{"remoteJid":"62815426921785@s.whatsapp.net","fromMe":true,"id":"DEF9E0BD65B1546E5E042ADA04CCD9E6"},"messageTimestamp":1739437017},{"key":{"remoteJid":"62815426921785@s.whatsapp.net","fromMe":true,"id":"042FE52682BE13BE98C1A61C35E01998"},"messageTimestamp":1739437017}],"nextPreKeyId":31,"firstUnuploadedPreKeyId":31,"accountSyncCounter":1,"accountSettings":{"unarchiveChats":false},"registered":true,"pairingCode":"9W7R5CZN","me":{"id":"62815426921785:36@s.whatsapp.net","name":"ygg","lid":"73654964617264:36@lid"},"account":{"details":"CPanx7kBENDntr0GGAIgACgA","accountSignatureKey":"8GJnd1iX/7fMq3YD5zUciiC4cIinX9NIJk1fM9YiwB0=","accountSignature":"q7x2LVIZCYtUU76Hzb9YQ6ojgJEl4UvLPQ96SR5H4gYWlhYgAu2xOOQ9IEEX281O+EQk/7bgw9kyD1FUrGK5Cg==","deviceSignature":"FkJXcPzHKQ4NRL8m6gHUicMupXe58BsUYYLyJu8p0PaCEv4qD6g83NvawfUf/VkXUbVySILHLdaPyghWtp0jiw=="},"signalIdentities":[{"identifier":{"name":"62815426921785:36@s.whatsapp.net","deviceId":0},"identifierKey":{"type":"Buffer","data":"BfBiZ3dYl/+3zKt2A+c1HIoguHCIp1/TSCZNXzPWIsAd"}}],"platform":"smba","routingInfo":{"type":"Buffer","data":"CAgIDQ=="},"lastAccountSyncTimestamp":1739437011,"lastPropHash":"3R9Z39","myAppStateKeyId":"AAAAACT+"}