{"_sessions":{"BfRZNi61e+xeOjaXe3bs0NRYBJnOa9ZTD72dVWoVLd0N":{"registrationId":1272906769,"currentRatchet":{"ephemeralKeyPair":{"pubKey":"BdRegdEJeEM370YN0GI41SX2dkuhBYj8/mJZqvbVES4A","privKey":"yM+0mz6GieaRPBO2h4bwWGOuE3O4wDYi4BI7aLIr/n8="},"lastRemoteEphemeralKey":"BWJPyURnFKDUnNwvZH8pk1Kn+D7UjVWHYzWh5JpQLxY/","previousCounter":0,"rootKey":"BgakeQjHwzTUyEfhSXc5ex7wy3jEFZJXuSn94R52A9Q="},"indexInfo":{"baseKey":"BfRZNi61e+xeOjaXe3bs0NRYBJnOa9ZTD72dVWoVLd0N","baseKeyType":2,"closed":-1,"used":1739437012865,"created":1739437012865,"remoteIdentityKey":"BfBiZ3dYl/+3zKt2A+c1HIoguHCIp1/TSCZNXzPWIsAd"},"_chains":{"BWJPyURnFKDUnNwvZH8pk1Kn+D7UjVWHYzWh5JpQLxY/":{"chainKey":{"counter":8,"key":"F4BOLzcMe6nnB/NGVwfr5HzeWNFRdZR5YuVt+QTz478="},"chainType":2,"messageKeys":{}},"BdRegdEJeEM370YN0GI41SX2dkuhBYj8/mJZqvbVES4A":{"chainKey":{"counter":-1,"key":"iGOXbQChqG6jz1XQo4s+Q4R+qg2nXMpdRtChNVzVsxQ="},"chainType":1,"messageKeys":{}}}}},"version":"v1"}