{"_sessions":{"Bb4N4BRHZv6+TNspawNcp8Zlo+aM7vrQ8/tWGIDBR35h":{"registrationId":10056,"currentRatchet":{"ephemeralKeyPair":{"pubKey":"BfDwmlFA9lutPF59I4bgJU6RbGiP0oBVziH8fqJ7V80F","privKey":"GOUfDdV+GQNrty/Ag3XMAhzTG0lonmDAJQhNJnNrzno="},"lastRemoteEphemeralKey":"BdeV4afFNcsihuoHqcHrgDoBUMYlilR9XwudIXw7HW8u","previousCounter":0,"rootKey":"Mi7C/GklI4APhLGi7MXFvX7wlsRyfZM720QmJDiEK8c="},"indexInfo":{"baseKey":"Bb4N4BRHZv6+TNspawNcp8Zlo+aM7vrQ8/tWGIDBR35h","baseKeyType":2,"closed":-1,"used":1739437036686,"created":1739437036686,"remoteIdentityKey":"BQlfH5SuZinbQ1HkIQkdgyHyotHy1n/LnCy7JU3z+h1B"},"_chains":{"BdeV4afFNcsihuoHqcHrgDoBUMYlilR9XwudIXw7HW8u":{"chainKey":{"counter":0,"key":"ksg1JXAqpxZRjnaCaY5JDRcEulFGh7TltiPJJ8hKVyA="},"chainType":2,"messageKeys":{}},"BfDwmlFA9lutPF59I4bgJU6RbGiP0oBVziH8fqJ7V80F":{"chainKey":{"counter":-1,"key":"IFDMBgahe8RhJpcnc7URjO2d1wPBE0IwfnBv7+FhsMM="},"chainType":1,"messageKeys":{}}}}},"version":"v1"}