{
  "users": {
    "6285559134095@s.whatsapp.net": {
      "daftar": false,
      "nama": "6285559134095",
      "saldo": "0"
    },
    "6282210760633@s.whatsapp.net": {
      "daftar": false,
      "nama": "PABOZ STORE",
      "saldo": "0"
    },
    "6285885628052@s.whatsapp.net": {
      "daftar": false,
      "nama": "Weakness",
      "saldo": "0"
    },
    "6285279579669@s.whatsapp.net": {
      "daftar": false,
      "nama": ".",
      "saldo": "0"
    },
    "62882021936018@s.whatsapp.net": {
      "daftar": false,
      "nama": "BAPAK ALPHARIS",
      "saldo": "0"
    },
    "62881012098901@s.whatsapp.net": {
      "daftar": false,
      "nama": "mxci back real own lie pt pergam/own Nana/own ramzzxmici/pt yazzz",
      "saldo": "0"
    },
    "6282228864084@s.whatsapp.net": {
      "daftar": false,
      "nama": "𝐈𝐌𝐑𝐎𝐍 𝐏𝐔𝐋𝐀𝐍𝐆 𝐏𝐀𝐆𝐈‼️",
      "saldo": "0"
    },
    "6281998531601@s.whatsapp.net": {
      "daftar": false,
      "nama": "Ramzz Cruell",
      "saldo": "0"
    },
    "6281400681930@s.whatsapp.net": {
      "daftar": false,
      "nama": "NANZ REAL ADMIN MURRSTORE PT SIPITSTORE & OMLING21",
      "saldo": "0"
    },
    "6281370024667@s.whatsapp.net": {
      "daftar": false,
      "nama": "..",
      "saldo": "0"
    },
    "120363312464118948@newsletter": {
      "daftar": false,
      "nama": "120363312464118948",
      "saldo": "0"
    },
    "6285810676416@s.whatsapp.net": {
      "daftar": false,
      "nama": "IPIN CRUEL PT BAPA CERDEL + GAS4YOU",
      "saldo": "0"
    },
    "62895326781825@s.whatsapp.net": {
      "daftar": false,
      "nama": "𝙍𝙄𝙕𝙕 𝙎𝙏𝙊𝙍𝙀",
      "saldo": "0"
    },
    "6285735322841@s.whatsapp.net": {
      "daftar": false,
      "nama": "Manzy Yokoso",
      "saldo": "0"
    },
    "120363304529166470@newsletter": {
      "daftar": false,
      "nama": "120363304529166470",
      "saldo": "0"
    },
    "6285848732263@s.whatsapp.net": {
      "daftar": false,
      "nama": "NYOLS JP 2",
      "saldo": "0"
    },
    "628989629249@s.whatsapp.net": {
      "daftar": false,
      "nama": "WAN",
      "saldo": "0"
    },
    "62895405674591@s.whatsapp.net": {
      "daftar": false,
      "nama": "Hann azza",
      "saldo": "0"
    },
    "6287755732365@s.whatsapp.net": {
      "daftar": false,
      "nama": "+62 877-5573-2365",
      "saldo": "0"
    },
    "6281515361725@s.whatsapp.net": {
      "daftar": false,
      "nama": "BAPAK CERDEL JASPOST",
      "saldo": "0"
    },
    "62895601154228@s.whatsapp.net": {
      "daftar": false,
      "nama": "MANG HIYZSTORE PT CERDEL X PP BANGCIMA CRUEL",
      "saldo": "0"
    },
    "6283846432527@s.whatsapp.net": {
      "daftar": false,
      "nama": "FADIL STORE",
      "saldo": "0"
    },
    "6289528003694@s.whatsapp.net": {
      "daftar": false,
      "nama": "rafiuu store",
      "saldo": "0"
    },
    "628814515085@s.whatsapp.net": {
      "daftar": false,
      "nama": "𝗥𝗘𝗦𝗭𝗭 𝗦𝗧𝗢𝗥𝗘 𝗥𝗘𝗔𝗟 𝗖𝗜𝗥𝗘𝗕𝗢𝗡",
      "saldo": "0"
    },
    "6285232676418@s.whatsapp.net": {
      "daftar": false,
      "nama": "YASSREALL STORE REAL OWN [ REL4YOU X PP BOMEL]",
      "saldo": "0"
    },
    "628385912445@s.whatsapp.net": {
      "daftar": false,
      "nama": "LIM HOSTING🌀",
      "saldo": "0"
    },
    "6283856721508@s.whatsapp.net": {
      "daftar": false,
      "nama": "Alipxz",
      "saldo": "0"
    },
    "6285704545583@s.whatsapp.net": {
      "daftar": false,
      "nama": "status",
      "saldo": "0"
    },
    "62895336980544@s.whatsapp.net": {
      "daftar": false,
      "nama": "Rapzz- Store",
      "saldo": "0"
    },
    "628998620495@s.whatsapp.net": {
      "daftar": false,
      "nama": "𝗡𝗢𝗩𝗭 𝗗𝗘𝗦𝗜𝗚𝗡 𝗥𝗘𝗔𝗟 [𝟰𝟵𝟱]",
      "saldo": "0"
    },
    "6285711176602@s.whatsapp.net": {
      "daftar": false,
      "nama": "PANJUL SENSAI 18",
      "saldo": "0"
    },
    "6285769637273@s.whatsapp.net": {
      "daftar": false,
      "nama": "XYRUZ STORE",
      "saldo": "0"
    },
    "6281278828324@s.whatsapp.net": {
      "daftar": false,
      "nama": "ㅤㅤㅤ",
      "saldo": "0"
    },
    "6285136063803@s.whatsapp.net": {
      "daftar": false,
      "nama": "SEWA 10K/BULAN",
      "saldo": "0"
    },
    "6282358595762@s.whatsapp.net": {
      "daftar": false,
      "nama": "Juragan Pocil",
      "saldo": "0"
    },
    "6285724541072@s.whatsapp.net": {
      "daftar": false,
      "nama": "ky",
      "saldo": "0"
    },
    "6285250926702@s.whatsapp.net": {
      "daftar": false,
      "nama": "SALL JASPOST",
      "saldo": "0"
    },
    "6285854424808@s.whatsapp.net": {
      "daftar": false,
      "nama": "ADMIN BAPAK CERDEL",
      "saldo": "0"
    },
    "6288216713038@s.whatsapp.net": {
      "daftar": false,
      "nama": "Admin Onezs Toxic Japost 02",
      "saldo": "0"
    },
    "6285643181763@s.whatsapp.net": {
      "daftar": false,
      "nama": "PHARELXD27STR",
      "saldo": "0"
    },
    "6285640639317@s.whatsapp.net": {
      "daftar": false,
      "nama": "VIPER STR PT CERDEL",
      "saldo": "0"
    },
    "6283846545477@s.whatsapp.net": {
      "daftar": false,
      "nama": "",
      "saldo": "0"
    },
    "6287738192916@s.whatsapp.net": {
      "daftar": false,
      "nama": "PANJI CRUEL",
      "saldo": "0"
    },
    "6285776367344@s.whatsapp.net": {
      "daftar": false,
      "nama": "RIFA STORE JAPOST 1",
      "saldo": "0"
    },
    "6285771183920@s.whatsapp.net": {
      "daftar": false,
      "nama": "gio cruell str",
      "saldo": "0"
    },
    "6285313297143@s.whatsapp.net": {
      "daftar": false,
      "nama": "Jerry aprilia",
      "saldo": "0"
    },
    "6289506187891@s.whatsapp.net": {
      "daftar": false,
      "nama": "𝗭𝗘𝗡𝗡𝗦𝗧𝗢𝗥𝗘 𝗞𝗛𝗨𝗦𝗨𝗦 𝗝𝗢𝗜𝗡 𝗢𝗪𝗡/𝗣𝗧/𝗣𝗣",
      "saldo": "0"
    },
    "6285885971779@s.whatsapp.net": {
      "daftar": false,
      "nama": "—dd udayz own barka tejus",
      "saldo": "0"
    },
    "6289506197562@s.whatsapp.net": {
      "daftar": false,
      "nama": "JETZET.STORE[REAL PT WANDAH CRUEL]",
      "saldo": "0"
    },
    "6285147799434@s.whatsapp.net": {
      "daftar": false,
      "nama": "INAA STORE",
      "saldo": "0"
    },
    "6283896547231@s.whatsapp.net": {
      "daftar": false,
      "nama": "status",
      "saldo": "0"
    },
    "6283198794204@s.whatsapp.net": {
      "daftar": false,
      "nama": "Pp",
      "saldo": "0"
    },
    "6285230826913@s.whatsapp.net": {
      "daftar": false,
      "nama": "davii sturrr.",
      "saldo": "0"
    },
    "6289689578480@s.whatsapp.net": {
      "daftar": false,
      "nama": "nio",
      "saldo": "0"
    },
    "6285709720935@s.whatsapp.net": {
      "daftar": false,
      "nama": "LEXYY JASTEB REAL X GG",
      "saldo": "0"
    },
    "6283151834350@s.whatsapp.net": {
      "daftar": false,
      "nama": "KAPTEN_UNCHEK(1)",
      "saldo": "0"
    },
    "6282144182695@s.whatsapp.net": {
      "daftar": false,
      "nama": "RAMA PT RIFQI",
      "saldo": "0"
    },
    "6289601988841@s.whatsapp.net": {
      "daftar": false,
      "nama": "hsn",
      "saldo": "0"
    },
    "6285283139471@s.whatsapp.net": {
      "daftar": false,
      "nama": "JURDIL JAPOST REAL PP LIEE JAPOST DAVID STR 18 & USTADZ LAPEN",
      "saldo": "0"
    },
    "6285643494229@s.whatsapp.net": {
      "daftar": false,
      "nama": "Hm",
      "saldo": "0"
    },
    "6287890641976@s.whatsapp.net": {
      "daftar": false,
      "nama": "Wi",
      "saldo": "0"
    },
    "6288980590518@s.whatsapp.net": {
      "daftar": false,
      "nama": "Admin Onezs Owner/pp/pt",
      "saldo": "0"
    },
    "6283821858258@s.whatsapp.net": {
      "daftar": false,
      "nama": "tol",
      "saldo": "0"
    },
    "6285778217178@s.whatsapp.net": {
      "daftar": false,
      "nama": "𝐀𝐳 𝐃𝐞𝐯 𝐎𝐟𝐟𝐢𝐜𝐢𝐚𝐥",
      "saldo": "0"
    },
    "6282119095795@s.whatsapp.net": {
      "daftar": false,
      "nama": "NANDA STR",
      "saldo": "0"
    },
    "6283137725101@s.whatsapp.net": {
      "daftar": false,
      "nama": "YANZ STORE",
      "saldo": "0"
    },
    "6283136109555@s.whatsapp.net": {
      "daftar": false,
      "nama": "𝐬𝐞𝐯𝐢 𝐬𝐭𝐫 | 𝐩𝐭 𝐥𝐮𝐬𝐲𝐜𝐡𝐚𝐧",
      "saldo": "0"
    },
    "6287779887772@s.whatsapp.net": {
      "daftar": false,
      "nama": "REZY SHOP",
      "saldo": "0"
    },
    "62882001907505@s.whatsapp.net": {
      "daftar": false,
      "nama": "Lanz Store",
      "saldo": "0"
    },
    "6285745875406@s.whatsapp.net": {
      "daftar": false,
      "nama": "status",
      "saldo": "0"
    },
    "6282336942337@s.whatsapp.net": {
      "daftar": false,
      "nama": "JP 1 RILL 22 STR",
      "saldo": "0"
    },
    "6282320641617@s.whatsapp.net": {
      "daftar": false,
      "nama": "LANN STORE JAPOST1",
      "saldo": "0"
    },
    "6285824162935@s.whatsapp.net": {
      "daftar": false,
      "nama": "SINXG JASPOST",
      "saldo": "0"
    },
    "6282259359491@s.whatsapp.net": {
      "daftar": false,
      "nama": "",
      "saldo": "0"
    },
    "62882007640392@s.whatsapp.net": {
      "daftar": false,
      "nama": "ADMIN MAMZ STORE",
      "saldo": "0"
    },
    "6288986214324@s.whatsapp.net": {
      "daftar": false,
      "nama": "revaii tiktokk wa 1",
      "saldo": "0"
    },
    "6283849305158@s.whatsapp.net": {
      "daftar": false,
      "nama": "𝗥𝗔𝗦𝗬𝗔 𝗞𝗔𝗖𝗜𝗪 𝗣𝗧 𝗕𝗔𝗡𝗚 𝗖𝗜𝗠𝗔 𝗥𝗘𝗔𝗟",
      "saldo": "0"
    },
    "6283822216460@s.whatsapp.net": {
      "daftar": false,
      "nama": "SAA REAL PT BPK CERDEL",
      "saldo": "0"
    },
    "6283160060900@s.whatsapp.net": {
      "daftar": false,
      "nama": "PetZz Store",
      "saldo": "0"
    },
    "6281938323753@s.whatsapp.net": {
      "daftar": false,
      "nama": "𝗝𝗮𝗿𝘇 𝗦𝘁𝗼𝗿𝗲 𝗥𝗲𝗮𝗹 𝗢𝘄𝗻 𝗥𝗶𝘇𝘇𝘇 𝗦𝘁𝗼𝗿𝗲 5517",
      "saldo": "0"
    },
    "6285812733736@s.whatsapp.net": {
      "daftar": false,
      "nama": "ADMIN FABIAN STR [ 3736 ]",
      "saldo": "0"
    },
    "6285607108720@s.whatsapp.net": {
      "daftar": false,
      "nama": "DENZ STORE REAL PT NANA",
      "saldo": "0"
    },
    "6283893787565@s.whatsapp.net": {
      "daftar": false,
      "nama": "ROXY JOKI ELITE 1",
      "saldo": "0"
    },
    "628568773831@s.whatsapp.net": {
      "daftar": false,
      "nama": "𝙒𝙖𝙮𝙨𝙈𝙤𝙙𝙯𝙯 𝙊𝙛𝙛𝙞𝙘𝙞𝙖𝙡",
      "saldo": "0"
    },
    "6285710917182@s.whatsapp.net": {
      "daftar": false,
      "nama": ".",
      "saldo": "0"
    },
    "6281286294531@s.whatsapp.net": {
      "daftar": false,
      "nama": "~sss",
      "saldo": "0"
    },
    "6281399649577@s.whatsapp.net": {
      "daftar": false,
      "nama": "AlipzzyOfficiaL",
      "saldo": "0"
    },
    "6285705538013@s.whatsapp.net": {
      "daftar": false,
      "nama": "𝐒𝐚𝐫𝐳 𝐒𝐭𝐨𝐫𝐞",
      "saldo": "0"
    },
    "6281646992493@s.whatsapp.net": {
      "daftar": false,
      "nama": "YTDZAKYREAL",
      "saldo": "0"
    },
    "6281459186966@s.whatsapp.net": {
      "daftar": false,
      "nama": "Admin Jb Aryaa Store2",
      "saldo": "0"
    },
    "120363282200709072@newsletter": {
      "daftar": false,
      "nama": "120363282200709072",
      "saldo": "0"
    },
    "628814174565@s.whatsapp.net": {
      "daftar": false,
      "nama": "LEXSY4ZIEE",
      "saldo": "0"
    },
    "6283811442076@s.whatsapp.net": {
      "daftar": false,
      "nama": "KayDev?",
      "saldo": "0"
    },
    "6283167281739@s.whatsapp.net": {
      "daftar": false,
      "nama": "BanzSoloLonely",
      "saldo": "0"
    },
    "6282245776526@s.whatsapp.net": {
      "daftar": false,
      "nama": "nozz",
      "saldo": "0"
    },
    "6285862921718@s.whatsapp.net": {
      "daftar": false,
      "nama": "cann",
      "saldo": "0"
    },
    "6285266586891@s.whatsapp.net": {
      "daftar": false,
      "nama": "Aa PADILFORYOUZ!!! [6891]",
      "saldo": "0"
    },
    "6285231972858@s.whatsapp.net": {
      "daftar": false,
      "nama": "Mino Store Own Evos Kenzo",
      "saldo": "0"
    },
    "6281917035112@s.whatsapp.net": {
      "daftar": false,
      "nama": "",
      "saldo": "0"
    },
    "6283167197917@s.whatsapp.net": {
      "daftar": false,
      "nama": "MANG DULZ CRUEL REAL",
      "saldo": "0"
    },
    "6285801324471@s.whatsapp.net": {
      "daftar": false,
      "nama": "HanzXx Store",
      "saldo": "0"
    },
    "6282189064952@s.whatsapp.net": {
      "daftar": false,
      "nama": "RANGA CRUEL REAL [4952]",
      "saldo": "0"
    },
    "62895417883532@s.whatsapp.net": {
      "daftar": false,
      "nama": "~ADMIN REKBER ZUXXYSTORE",
      "saldo": "0"
    },
    "6283845077985@s.whatsapp.net": {
      "daftar": false,
      "nama": "DONZZ UNCHEK",
      "saldo": "0"
    },
    "120363319226302835@newsletter": {
      "daftar": false,
      "nama": "120363319226302835",
      "saldo": "0"
    },
    "120363309257397952@newsletter": {
      "daftar": false,
      "nama": "120363309257397952",
      "saldo": "0"
    },
    "6285864743922@s.whatsapp.net": {
      "daftar": false,
      "nama": "RafatharCode",
      "saldo": "0"
    },
    "6285717682749@s.whatsapp.net": {
      "daftar": false,
      "nama": "v for?",
      "saldo": "0"
    },
    "6282194662543@s.whatsapp.net": {
      "daftar": false,
      "nama": "dil",
      "saldo": "0"
    },
    "6283876823138@s.whatsapp.net": {
      "daftar": false,
      "nama": "𝕷𝖆𝖓",
      "saldo": "0"
    },
    "6285703896797@s.whatsapp.net": {
      "daftar": false,
      "nama": "REKBER CAHYO 1",
      "saldo": "0"
    },
    "6285804654436@s.whatsapp.net": {
      "daftar": false,
      "nama": "const = require (.'/Fahri-Botz')",
      "saldo": "0"
    },
    "6289603408632@s.whatsapp.net": {
      "daftar": false,
      "nama": "d",
      "saldo": "0"
    },
    "6285182286657@s.whatsapp.net": {
      "daftar": false,
      "nama": "GITA",
      "saldo": "0"
    },
    "6285765925842@s.whatsapp.net": {
      "daftar": false,
      "nama": "VINZ4YOU REAL JASPOT ¹",
      "saldo": "0"
    },
    "6285869159153@s.whatsapp.net": {
      "daftar": false,
      "nama": "bsk•cello™",
      "saldo": "0"
    },
    "62895406736000@s.whatsapp.net": {
      "daftar": false,
      "nama": "Rapz OWN POIN + LIE + CERDEL",
      "saldo": "0"
    },
    "6287786747634@s.whatsapp.net": {
      "daftar": false,
      "nama": "",
      "saldo": "0"
    },
    "6285137529639@s.whatsapp.net": {
      "daftar": false,
      "nama": "Way Str",
      "saldo": "0"
    },
    "6282178381726@s.whatsapp.net": {
      "daftar": false,
      "nama": "ilham abayy",
      "saldo": "0"
    },
    "6285741786075@s.whatsapp.net": {
      "daftar": false,
      "nama": "w",
      "saldo": "0"
    },
    "62895328189828@s.whatsapp.net": {
      "daftar": false,
      "nama": "Juragann__",
      "saldo": "0"
    },
    "6285739453360@s.whatsapp.net": {
      "daftar": false,
      "nama": "RISKZSTORE REAL [ 3360 ]",
      "saldo": "0"
    },
    "6289618563513@s.whatsapp.net": {
      "daftar": false,
      "nama": "",
      "saldo": "0"
    },
    "6283150032809@s.whatsapp.net": {
      "daftar": false,
      "nama": "RAH4YOU",
      "saldo": "0"
    },
    "6282286487441@s.whatsapp.net": {
      "daftar": false,
      "nama": "𝙎𝙆𝙔 𝙎𝙋𝙊𝙍𝙏𝙎 𝙎𝙏𝙊𝙍𝙀",
      "saldo": "0"
    },
    "6283170908639@s.whatsapp.net": {
      "daftar": false,
      "nama": "U꓃U",
      "saldo": "0"
    },
    "6285766038638@s.whatsapp.net": {
      "daftar": false,
      "nama": "𝗥𝗔𝗠𝗔 𝗔𝗖𝗘𝗛 𝗣𝗣 𝗢𝗠𝗟𝗜𝗡𝗚 𝗣𝗣 𝗕𝗢𝗠𝗘𝗟",
      "saldo": "0"
    },
    "6287855496974@s.whatsapp.net": {
      "daftar": false,
      "nama": "𝗔𝗡𝗗𝗜𝗞𝗔 𝗦𝗧𝗢𝗥𝗘 𝗥𝗘𝗚𝗜𝗢𝗡 𝗝𝗔𝗧𝗜𝗠",
      "saldo": "0"
    },
    "6285183570036@s.whatsapp.net": {
      "daftar": false,
      "nama": "Asadvz",
      "saldo": "0"
    },
    "62895397162820@s.whatsapp.net": {
      "daftar": false,
      "nama": "ADMIN JASAPOST MANG GIE REAL",
      "saldo": "0"
    },
    "6281263783627@s.whatsapp.net": {
      "daftar": false,
      "nama": "SainUtama3627",
      "saldo": "0"
    },
    "6282350420346@s.whatsapp.net": {
      "daftar": false,
      "nama": "",
      "saldo": "0"
    },
    "6285210962246@s.whatsapp.net": {
      "daftar": false,
      "nama": "Makasih Ganteng 🩷",
      "saldo": "0"
    },
    "62895320692184@s.whatsapp.net": {
      "daftar": false,
      "nama": "ALIII FABLO",
      "saldo": "0"
    },
    "6281568315348@s.whatsapp.net": {
      "daftar": false,
      "nama": "DvdzezezeT",
      "saldo": "0"
    },
    "6285776206240@s.whatsapp.net": {
      "daftar": false,
      "nama": "baik",
      "saldo": "0"
    },
    "6285715834551@s.whatsapp.net": {
      "daftar": false,
      "nama": "CENGS CRUEL",
      "saldo": "0"
    },
    "6283823980259@s.whatsapp.net": {
      "daftar": false,
      "nama": "𝗧𝗔𝗡𝗚𝗭 𝗝𝗔𝗦𝗣𝗢𝗦𝗧",
      "saldo": "0"
    },
    "6285295941068@s.whatsapp.net": {
      "daftar": false,
      "nama": "𝗔𝗗𝗠𝗜𝗡 𝗨𝗧𝗔𝗠𝗔 𝗘𝗡𝗚𝗚𝗔𝗥 𝗦𝗧𝗢𝗥𝗘 𝗥𝗘𝗔𝗟",
      "saldo": "0"
    },
    "6287831105538@s.whatsapp.net": {
      "daftar": false,
      "nama": "A B C D E F G H I J K L M N O P Q R S T U V W X Y Z",
      "saldo": "0"
    },
    "6281249416259@s.whatsapp.net": {
      "daftar": false,
      "nama": "arrzz",
      "saldo": "0"
    },
    "62881026536062@s.whatsapp.net": {
      "daftar": false,
      "nama": "Mass Xammm Region Gresik",
      "saldo": "0"
    },
    "6281339009899@s.whatsapp.net": {
      "daftar": false,
      "nama": "ton",
      "saldo": "0"
    },
    "6283844696965@s.whatsapp.net": {
      "daftar": false,
      "nama": "nangkspasker",
      "saldo": "0"
    },
    "628973873720@s.whatsapp.net": {
      "daftar": false,
      "nama": "𝗧𝗨𝗔𝗡 𝗠𝗨𝗗𝗔 𝗭𝗜𝗜",
      "saldo": "0"
    },
    "6282134814108@s.whatsapp.net": {
      "daftar": false,
      "nama": "davi",
      "saldo": "0"
    },
    "6283895942339@s.whatsapp.net": {
      "daftar": false,
      "nama": "Dy",
      "saldo": "0"
    },
    "62895321232955@s.whatsapp.net": {
      "daftar": false,
      "nama": "status",
      "saldo": "0"
    },
    "6283836965361@s.whatsapp.net": {
      "daftar": false,
      "nama": "RexzZ Store",
      "saldo": "0"
    },
    "6285776470970@s.whatsapp.net": {
      "daftar": false,
      "nama": "shaks design",
      "saldo": "0"
    },
    "6285962823375@s.whatsapp.net": {
      "daftar": false,
      "nama": "",
      "saldo": "0"
    },
    "6287710346830@s.whatsapp.net": {
      "daftar": false,
      "nama": "",
      "saldo": "0"
    },
    "6285692481137@s.whatsapp.net": {
      "daftar": false,
      "nama": "ACEL SUNDA JAPOST",
      "saldo": "0"
    },
    "6285733262702@s.whatsapp.net": {
      "daftar": false,
      "nama": "noo",
      "saldo": "0"
    },
    "6283188024434@s.whatsapp.net": {
      "daftar": false,
      "nama": "JB FIIN STORE",
      "saldo": "0"
    },
    "6285792316253@s.whatsapp.net": {
      "daftar": false,
      "nama": "Kayzz store real",
      "saldo": "0"
    },
    "6283871996591@s.whatsapp.net": {
      "daftar": false,
      "nama": "DIXZ STORE [6591]",
      "saldo": "0"
    },
    "6281234577495@s.whatsapp.net": {
      "daftar": false,
      "nama": "EKO28STORE",
      "saldo": "0"
    },
    "6285643732425@s.whatsapp.net": {
      "daftar": false,
      "nama": "LUNZ JOKI",
      "saldo": "0"
    },
    "62857246096741@s.whatsapp.net": {
      "daftar": false,
      "nama": "Vino",
      "saldo": "0"
    },
    "6285795855100@s.whatsapp.net": {
      "daftar": false,
      "nama": "LAL GARUT",
      "saldo": "0"
    },
    "6282254972380@s.whatsapp.net": {
      "daftar": false,
      "nama": "finix kall",
      "saldo": "0"
    },
    "6285141501218@s.whatsapp.net": {
      "daftar": false,
      "nama": "MANGFIDZSHOP",
      "saldo": "0"
    },
    "6282325551382@s.whatsapp.net": {
      "daftar": false,
      "nama": "yuuback",
      "saldo": "0"
    },
    "6281371182215@s.whatsapp.net": {
      "daftar": false,
      "nama": "status",
      "saldo": "0"
    },
    "6289673950814@s.whatsapp.net": {
      "daftar": false,
      "nama": "xnx",
      "saldo": "0"
    },
    "6282315226367@s.whatsapp.net": {
      "daftar": false,
      "nama": "𝑌𝐴𝑁𝑍 𝑇𝑅𝑌𝐻𝐴𝑅𝐷",
      "saldo": "0"
    },
    "6283843956025@s.whatsapp.net": {
      "daftar": false,
      "nama": "status",
      "saldo": "0"
    },
    "62895410187074@s.whatsapp.net": {
      "daftar": false,
      "nama": "status",
      "saldo": "0"
    },
    "6285840148059@s.whatsapp.net": {
      "daftar": false,
      "nama": "𝐘𝐓 𝐃𝐈𝐓𝐙𝐙𝐒 𝐂𝐑𝐔𝐄𝐋",
      "saldo": "0"
    },
    "6281292693526@s.whatsapp.net": {
      "daftar": false,
      "nama": "vgrenmarket.com",
      "saldo": "0"
    },
    "6285775689919@s.whatsapp.net": {
      "daftar": false,
      "nama": "IZANS JASTEB REAL",
      "saldo": "0"
    },
    "6283130640654@s.whatsapp.net": {
      "daftar": false,
      "nama": "メ 𝗠𝗔𝗨𝗡𝗚 𝗦𝗧𝗢𝗥𝗘 𝗣𝗣 𝗢𝗠 𝗟𝗜𝗡𝗚",
      "saldo": "0"
    },
    "62815426921785@s.whatsapp.net": {
      "daftar": false,
      "nama": "akun penipuan",
      "saldo": "0"
    },
    "6281542692178@s.whatsapp.net": {
      "daftar": false,
      "nama": "V Core Cloud",
      "saldo": "0"
    },
    "120363297314470847@newsletter": {
      "daftar": false,
      "nama": "120363297314470847",
      "saldo": "0"
    },
    "6285241376030@s.whatsapp.net": {
      "daftar": false,
      "nama": "Bot WhatsApp Deenzx",
      "saldo": "0"
    },
    "6285695461872@s.whatsapp.net": {
      "daftar": false,
      "nama": "M",
      "saldo": "0"
    },
    "6285283784183@s.whatsapp.net": {
      "daftar": false,
      "nama": "VANZZ ADMIN UTAMA KB/FT/PANEL",
      "saldo": "0"
    },
    "6289506181362@s.whatsapp.net": {
      "daftar": false,
      "nama": "𝙃𝘼𝙈𝙕𝙕 𝙎𝙏𝙊𝙍𝙀 𝙋𝙏 𝙊𝙂𝙀 𝗝𝗔𝗣𝗢𝗦𝗧",
      "saldo": "0"
    },
    "6285262599231@s.whatsapp.net": {
      "daftar": false,
      "nama": "ᴮᵃⁿᵍ 乄 ᶻᵃᵃ",
      "saldo": "0"
    },
    "6283139307987@s.whatsapp.net": {
      "daftar": false,
      "nama": "PEDAL STORE VS ORANG BARU",
      "saldo": "0"
    },
    "6283894717258@s.whatsapp.net": {
      "daftar": false,
      "nama": "TOMZZ STORE 2 VS KENON",
      "saldo": "0"
    },
    "6281332061483@s.whatsapp.net": {
      "daftar": false,
      "nama": "Iyzee STORE",
      "saldo": "0"
    },
    "6285182004780@s.whatsapp.net": {
      "daftar": false,
      "nama": "Deenzx Official",
      "saldo": "0"
    },
    "6283142911863@s.whatsapp.net": {
      "daftar": false,
      "nama": ".",
      "saldo": "0"
    },
    "6285766057494@s.whatsapp.net": {
      "daftar": false,
      "nama": "require(\"LingPedia.js\")",
      "saldo": "0"
    },
    "6288740682975@s.whatsapp.net": {
      "daftar": false,
      "nama": "chriss",
      "saldo": "0"
    },
    "6283165175979@s.whatsapp.net": {
      "daftar": false,
      "nama": "GAZZ4YOU NOPE JP¹",
      "saldo": "0"
    },
    "6285794562438@s.whatsapp.net": {
      "daftar": false,
      "nama": "Gerend Region Jabar",
      "saldo": "0"
    },
    "6287885873325@s.whatsapp.net": {
      "daftar": false,
      "nama": "pp",
      "saldo": "0"
    },
    "6281363053605@s.whatsapp.net": {
      "daftar": false,
      "nama": "ʟɪɴɢ - ᴏғғɪᴄɪᴀʟ </>",
      "saldo": "0"
    },
    "6288983683016@s.whatsapp.net": {
      "daftar": false,
      "nama": "DIXGZZ CRUEL OWNER ONEZ TOXIC",
      "saldo": "0"
    },
    "120363251918335834@newsletter": {
      "daftar": false,
      "nama": "120363251918335834",
      "saldo": "0"
    },
    "6285137412480@s.whatsapp.net": {
      "daftar": false,
      "nama": "Denn Nop 2",
      "saldo": "0"
    },
    "120363374416014256@newsletter": {
      "daftar": false,
      "nama": "120363374416014256",
      "saldo": "0"
    },
    "62895339150140@s.whatsapp.net": {
      "daftar": false,
      "nama": "GAZZ4YOU|| VS {KENON}",
      "saldo": "0"
    },
    "628170007460@s.whatsapp.net": {
      "daftar": false,
      "nama": "628170007460",
      "saldo": "0"
    },
    "6285194241266@s.whatsapp.net": {
      "daftar": false,
      "nama": "api_store",
      "saldo": "0"
    },
    "6285861564013@s.whatsapp.net": {
      "daftar": false,
      "nama": "udennn",
      "saldo": "0"
    },
    "6285797493589@s.whatsapp.net": {
      "daftar": false,
      "nama": "Sannn—",
      "saldo": "0"
    },
    "6287745719181@s.whatsapp.net": {
      "daftar": false,
      "nama": "vicô",
      "saldo": "0"
    },
    "62895341852055@s.whatsapp.net": {
      "daftar": false,
      "nama": "Udinpetot",
      "saldo": "0"
    },
    "62881027422537@s.whatsapp.net": {
      "daftar": false,
      "nama": "58m",
      "saldo": "0"
    },
    "6283869482357@s.whatsapp.net": {
      "daftar": false,
      "nama": "Juju",
      "saldo": "0"
    },
    "6289514690157@s.whatsapp.net": {
      "daftar": false,
      "nama": "Kelraa",
      "saldo": "0"
    },
    "6283866790635@s.whatsapp.net": {
      "daftar": false,
      "nama": "deva",
      "saldo": "0"
    },
    "6282130397935@s.whatsapp.net": {
      "daftar": false,
      "nama": "Secret Cats",
      "saldo": "0"
    },
    "6281244624105@s.whatsapp.net": {
      "daftar": false,
      "nama": "Reen",
      "saldo": "0"
    },
    "62882018213507@s.whatsapp.net": {
      "daftar": false,
      "nama": "kzaexz",
      "saldo": "0"
    },
    "6281575028960@s.whatsapp.net": {
      "daftar": false,
      "nama": "sahrul",
      "saldo": "0"
    },
    "6281333381038@s.whatsapp.net": {
      "daftar": false,
      "nama": "tha",
      "saldo": "0"
    },
    "6289531863554@s.whatsapp.net": {
      "daftar": false,
      "nama": "1",
      "saldo": "0"
    },
    "6282198845545@s.whatsapp.net": {
      "daftar": false,
      "nama": "SAN",
      "saldo": "0"
    },
    "6282169997900@s.whatsapp.net": {
      "daftar": false,
      "nama": "ytta:v",
      "saldo": "0"
    },
    "6285717756135@s.whatsapp.net": {
      "daftar": false,
      "nama": "zenzfri!",
      "saldo": "0"
    },
    "6283132745438@s.whatsapp.net": {
      "daftar": false,
      "nama": "kodok purbalinggo",
      "saldo": "0"
    },
    "6282231644323@s.whatsapp.net": {
      "daftar": false,
      "nama": "່ ㅤ",
      "saldo": "0"
    },
    "6288991535761@s.whatsapp.net": {
      "daftar": false,
      "nama": "Sanz`mas4ko",
      "saldo": "0"
    },
    "6289687985738@s.whatsapp.net": {
      "daftar": false,
      "nama": "QuaxZeeステ",
      "saldo": "0"
    },
    "6289515523145@s.whatsapp.net": {
      "daftar": false,
      "nama": "reihanpranataa",
      "saldo": "0"
    },
    "6283121310457@s.whatsapp.net": {
      "daftar": false,
      "nama": "loui's",
      "saldo": "0"
    },
    "6282341214388@s.whatsapp.net": {
      "daftar": false,
      "nama": "DAFA",
      "saldo": "0"
    },
    "6281248537085@s.whatsapp.net": {
      "daftar": false,
      "nama": "...",
      "saldo": "0"
    },
    "6285811706974@s.whatsapp.net": {
      "daftar": false,
      "nama": "🤨",
      "saldo": "0"
    },
    "6285609615431@s.whatsapp.net": {
      "daftar": false,
      "nama": "P",
      "saldo": "0"
    },
    "62882022775180@s.whatsapp.net": {
      "daftar": false,
      "nama": "𝘿𝙈4",
      "saldo": "0"
    },
    "13135550002@s.whatsapp.net": {
      "daftar": false,
      "nama": "",
      "saldo": "0"
    },
    "6281554188715@s.whatsapp.net": {
      "daftar": false,
      "nama": "Yann",
      "saldo": "0"
    },
    "6283851372933@s.whatsapp.net": {
      "daftar": false,
      "nama": "\"Neko\"",
      "saldo": "0"
    },
    "6281235347855@s.whatsapp.net": {
      "daftar": false,
      "nama": "Do You Know Me?",
      "saldo": "0"
    },
    "6285891469115@s.whatsapp.net": {
      "daftar": false,
      "nama": ".",
      "saldo": "0"
    },
    "6287711181257@s.whatsapp.net": {
      "daftar": false,
      "nama": "sann",
      "saldo": "0"
    },
    "6283819917526@s.whatsapp.net": {
      "daftar": false,
      "nama": "Rara😌",
      "saldo": "0"
    },
    "6285198071970@s.whatsapp.net": {
      "daftar": false,
      "nama": "𖣂︎",
      "saldo": "0"
    },
    "6282277350115@s.whatsapp.net": {
      "daftar": false,
      "nama": ".",
      "saldo": "0"
    },
    "6283842630739@s.whatsapp.net": {
      "daftar": false,
      "nama": "Fazzu",
      "saldo": "0"
    },
    "6282282100538@s.whatsapp.net": {
      "daftar": false,
      "nama": "Rizk",
      "saldo": "0"
    },
    "6288228661473@s.whatsapp.net": {
      "daftar": false,
      "nama": "-JnZ - Ardhaa",
      "saldo": "0"
    },
    "6285819027394@s.whatsapp.net": {
      "daftar": false,
      "nama": "aaaa",
      "saldo": "0"
    },
    "6285797936983@s.whatsapp.net": {
      "daftar": false,
      "nama": "",
      "saldo": "0"
    },
    "6281371043087@s.whatsapp.net": {
      "daftar": false,
      "nama": "",
      "saldo": "0"
    },
    "6283813521572@s.whatsapp.net": {
      "daftar": false,
      "nama": "Fahri",
      "saldo": "0"
    },
    "62881027587540@s.whatsapp.net": {
      "daftar": false,
      "nama": ".",
      "saldo": "0"
    },
    "6285946875126@s.whatsapp.net": {
      "daftar": false,
      "nama": "",
      "saldo": "0"
    },
    "6288992444999@s.whatsapp.net": {
      "daftar": false,
      "nama": "",
      "saldo": "0"
    },
    "6287789250520@s.whatsapp.net": {
      "daftar": false,
      "nama": "Losant",
      "saldo": "0"
    },
    "6287825026118@s.whatsapp.net": {
      "daftar": false,
      "nama": "xela",
      "saldo": "0"
    },
    "6285888130819@s.whatsapp.net": {
      "daftar": false,
      "nama": "zann.",
      "saldo": "0"
    },
    "6288980681668@s.whatsapp.net": {
      "daftar": false,
      "nama": "miesedap",
      "saldo": "0"
    },
    "6283839255961@s.whatsapp.net": {
      "daftar": false,
      "nama": ".",
      "saldo": "0"
    },
    "6282334681228@s.whatsapp.net": {
      "daftar": false,
      "nama": "don't understand",
      "saldo": "0"
    },
    "6289602580581@s.whatsapp.net": {
      "daftar": false,
      "nama": "🇮🇩🇵🇸Hoshiro🇾🇪🇱🇧",
      "saldo": "0"
    },
    "6285888256557@s.whatsapp.net": {
      "daftar": false,
      "nama": "vnx-",
      "saldo": "0"
    },
    "6283845773536@s.whatsapp.net": {
      "daftar": false,
      "nama": "OK",
      "saldo": "0"
    },
    "62895401682070@s.whatsapp.net": {
      "daftar": false,
      "nama": "",
      "saldo": "0"
    },
    "6283862388081@s.whatsapp.net": {
      "daftar": false,
      "nama": "Dipzy",
      "saldo": "0"
    },
    "6285167083698@s.whatsapp.net": {
      "daftar": false,
      "nama": "",
      "saldo": "0"
    },
    "6285971704338@s.whatsapp.net": {
      "daftar": false,
      "nama": "",
      "saldo": "0"
    },
    "6285761855799@s.whatsapp.net": {
      "daftar": false,
      "nama": "",
      "saldo": "0"
    },
    "6281520919125@s.whatsapp.net": {
      "daftar": false,
      "nama": "Asasin",
      "saldo": "0"
    },
    "6287856643694@s.whatsapp.net": {
      "daftar": false,
      "nama": "razel",
      "saldo": "0"
    },
    "6282131594463@s.whatsapp.net": {
      "daftar": false,
      "nama": "🙏🏼",
      "saldo": "0"
    },
    "6289607806334@s.whatsapp.net": {
      "daftar": false,
      "nama": "HILMIx",
      "saldo": "0"
    },
    "6281263130957@s.whatsapp.net": {
      "daftar": false,
      "nama": "A5 Store",
      "saldo": "0"
    },
    "6285854302183@s.whatsapp.net": {
      "daftar": false,
      "nama": "Nanana",
      "saldo": "0"
    },
    "6287823295554@s.whatsapp.net": {
      "daftar": false,
      "nama": "Penguin BIBD",
      "saldo": "0"
    },
    "6282125247303@s.whatsapp.net": {
      "daftar": false,
      "nama": "rennna",
      "saldo": "0"
    },
    "6285708820508@s.whatsapp.net": {
      "daftar": false,
      "nama": "Barzzzzzz",
      "saldo": "0"
    },
    "6285924418939@s.whatsapp.net": {
      "daftar": false,
      "nama": "My",
      "saldo": "0"
    },
    "6287837457550@s.whatsapp.net": {
      "daftar": false,
      "nama": "Dika!!",
      "saldo": "0"
    },
    "62881012855142@s.whatsapp.net": {
      "daftar": false,
      "nama": "VII E I Dewa Gede W.S",
      "saldo": "0"
    },
    "62895385934942@s.whatsapp.net": {
      "daftar": false,
      "nama": "",
      "saldo": "0"
    },
    "6281229801264@s.whatsapp.net": {
      "daftar": false,
      "nama": "‎",
      "saldo": "0"
    },
    "6282198686170@s.whatsapp.net": {
      "daftar": false,
      "nama": "๑",
      "saldo": "0"
    },
    "6281317418547@s.whatsapp.net": {
      "daftar": false,
      "nama": "rj",
      "saldo": "0"
    },
    "6281556567037@s.whatsapp.net": {
      "daftar": false,
      "nama": "Danzid",
      "saldo": "0"
    },
    "62895392477778@s.whatsapp.net": {
      "daftar": false,
      "nama": "أهمد أبيمۑو",
      "saldo": "0"
    },
    "6285815194998@s.whatsapp.net": {
      "daftar": false,
      "nama": "RikoSugma",
      "saldo": "0"
    },
    "6285755130259@s.whatsapp.net": {
      "daftar": false,
      "nama": "Faizzz💤😴",
      "saldo": "0"
    },
    "6285342817230@s.whatsapp.net": {
      "daftar": false,
      "nama": "Bot WhatsApp Deenzx",
      "saldo": "0"
    },
    "6285775355270@s.whatsapp.net": {
      "daftar": false,
      "nama": "Mr FELIX PARADOX",
      "saldo": "0"
    },
    "6283147606802@s.whatsapp.net": {
      "daftar": false,
      "nama": "Darinee.",
      "saldo": "0"
    },
    "6289509893101@s.whatsapp.net": {
      "daftar": false,
      "nama": "OPMxMURATA!?☭",
      "saldo": "0"
    },
    "6283182538386@s.whatsapp.net": {
      "daftar": false,
      "nama": "FEMAS STORE RB²",
      "saldo": "0"
    },
    "6283856779260@s.whatsapp.net": {
      "daftar": false,
      "nama": "Kialvyyy",
      "saldo": "0"
    },
    "6285796204025@s.whatsapp.net": {
      "daftar": false,
      "nama": ".",
      "saldo": "0"
    },
    "6285709619466@s.whatsapp.net": {
      "daftar": false,
      "nama": ".クロコ",
      "saldo": "0"
    },
    "6289508545167@s.whatsapp.net": {
      "daftar": false,
      "nama": "Fawaz",
      "saldo": "0"
    },
    "6285792492262@s.whatsapp.net": {
      "daftar": false,
      "nama": "A.P",
      "saldo": "0"
    },
    "6283833596404@s.whatsapp.net": {
      "daftar": false,
      "nama": "Repann",
      "saldo": "0"
    },
    "6285210103848@s.whatsapp.net": {
      "daftar": false,
      "nama": "Orang Malezzzzz",
      "saldo": "0"
    },
    "6288216334120@s.whatsapp.net": {
      "daftar": false,
      "nama": "Нет, я",
      "saldo": "0"
    },
    "6285823835472@s.whatsapp.net": {
      "daftar": false,
      "nama": "Yoga",
      "saldo": "0"
    },
    "6285792951576@s.whatsapp.net": {
      "daftar": false,
      "nama": "Nic0lAs",
      "saldo": "0"
    },
    "6289517606042@s.whatsapp.net": {
      "daftar": false,
      "nama": "Zacky Khalifatul",
      "saldo": "0"
    },
    "6282390330282@s.whatsapp.net": {
      "daftar": false,
      "nama": "Realmec67 Uy",
      "saldo": "0"
    },
    "6289682021159@s.whatsapp.net": {
      "daftar": false,
      "nama": "adaa",
      "saldo": "0"
    },
    "6283865167650@s.whatsapp.net": {
      "daftar": false,
      "nama": "revan🌊",
      "saldo": "0"
    },
    "6285787938233@s.whatsapp.net": {
      "daftar": false,
      "nama": "Kelvin Gunawan",
      "saldo": "0"
    },
    "6289514090269@s.whatsapp.net": {
      "daftar": false,
      "nama": "Dimz",
      "saldo": "0"
    },
    "6287739874468@s.whatsapp.net": {
      "daftar": false,
      "nama": "i",
      "saldo": "0"
    },
    "6282312320112@s.whatsapp.net": {
      "daftar": false,
      "nama": "Somebody",
      "saldo": "0"
    },
    "6285805296351@s.whatsapp.net": {
      "daftar": false,
      "nama": "Irga",
      "saldo": "0"
    },
    "6285731943238@s.whatsapp.net": {
      "daftar": false,
      "nama": "Hanz",
      "saldo": "0"
    },
    "6283871237400@s.whatsapp.net": {
      "daftar": false,
      "nama": "fauziHy",
      "saldo": "0"
    },
    "6288213902550@s.whatsapp.net": {
      "daftar": false,
      "nama": "Dani hhehehehehehehe",
      "saldo": "0"
    },
    "6281233017102@s.whatsapp.net": {
      "daftar": false,
      "nama": "Ibnu",
      "saldo": "0"
    },
    "6285758312415@s.whatsapp.net": {
      "daftar": false,
      "nama": "KeHzaa☕",
      "saldo": "0"
    },
    "6285713571317@s.whatsapp.net": {
      "daftar": false,
      "nama": "Aqua 虎",
      "saldo": "0"
    },
    "6285337410922@s.whatsapp.net": {
      "daftar": false,
      "nama": "",
      "saldo": "0"
    },
    "62895617880506@s.whatsapp.net": {
      "daftar": false,
      "nama": "for_everyoung",
      "saldo": "0"
    },
    "6285652267754@s.whatsapp.net": {
      "daftar": false,
      "nama": "Tuywck",
      "saldo": "0"
    },
    "6285725113767@s.whatsapp.net": {
      "daftar": false,
      "nama": "Rikhz",
      "saldo": "0"
    },
    "62895612890403@s.whatsapp.net": {
      "daftar": false,
      "nama": "fahri",
      "saldo": "0"
    },
    "6281573545338@s.whatsapp.net": {
      "daftar": false,
      "nama": "",
      "saldo": "0"
    },
    "6285771026387@s.whatsapp.net": {
      "daftar": false,
      "nama": ".",
      "saldo": "0"
    },
    "6285820258982@s.whatsapp.net": {
      "daftar": false,
      "nama": "",
      "saldo": "0"
    },
    "6285705617144@s.whatsapp.net": {
      "daftar": false,
      "nama": "",
      "saldo": "0"
    },
    "6283110842179@s.whatsapp.net": {
      "daftar": false,
      "nama": "",
      "saldo": "0"
    },
    "6282312498259@s.whatsapp.net": {
      "daftar": false,
      "nama": "",
      "saldo": "0"
    },
    "62887435200535@s.whatsapp.net": {
      "daftar": false,
      "nama": "",
      "saldo": "0"
    },
    "62895406436798@s.whatsapp.net": {
      "daftar": false,
      "nama": "",
      "saldo": "0"
    },
    "6289528071970@s.whatsapp.net": {
      "daftar": false,
      "nama": "lang",
      "saldo": "0"
    },
    "62895700181641@s.whatsapp.net": {
      "daftar": false,
      "nama": "~",
      "saldo": "0"
    },
    "639107254061@s.whatsapp.net": {
      "daftar": false,
      "nama": "Shopee world",
      "saldo": "0"
    },
    "6281340357695@s.whatsapp.net": {
      "daftar": false,
      "nama": "𝗞𝗶𝗿𝗶𝗴𝗮𝘆𝗮 𝗞𝗮𝘇𝘂𝘁𝗼 『𝐇.𝐅.𝐍』",
      "saldo": "0"
    },
    "62882003556162@s.whatsapp.net": {
      "daftar": false,
      "nama": ".",
      "saldo": "0"
    },
    "6283117125536@s.whatsapp.net": {
      "daftar": false,
      "nama": "ZECKS",
      "saldo": "0"
    },
    "6285780637142@s.whatsapp.net": {
      "daftar": false,
      "nama": "Xyran",
      "saldo": "0"
    },
    "6283854597701@s.whatsapp.net": {
      "daftar": false,
      "nama": "Anărky",
      "saldo": "0"
    },
    "6288976650026@s.whatsapp.net": {
      "daftar": false,
      "nama": "Kawairun Beta Botz",
      "saldo": "0"
    },
    "6283169505191@s.whatsapp.net": {
      "daftar": false,
      "nama": "GAZZ4YOU|| VS {KENON}",
      "saldo": "0"
    },
    "6283163813651@s.whatsapp.net": {
      "daftar": false,
      "nama": "olethros jb",
      "saldo": "0"
    },
    "6285156940605@s.whatsapp.net": {
      "daftar": false,
      "nama": "Valk",
      "saldo": "0"
    },
    "6289638093010@s.whatsapp.net": {
      "daftar": false,
      "nama": "YouKnowRaffz?",
      "saldo": "0"
    },
    "6282245386864@s.whatsapp.net": {
      "daftar": false,
      "nama": "Pukimei17",
      "saldo": "0"
    },
    "62895338503907@s.whatsapp.net": {
      "daftar": false,
      "nama": "Nick Otw Back",
      "saldo": "0"
    },
    "6283840167934@s.whatsapp.net": {
      "daftar": false,
      "nama": "ARYZ STORE",
      "saldo": "0"
    },
    "6282196715822@s.whatsapp.net": {
      "daftar": false,
      "nama": "TOMZZ STORE",
      "saldo": "0"
    },
    "6288976592657@s.whatsapp.net": {
      "daftar": false,
      "nama": "Beta Bot Md",
      "saldo": "0"
    },
    "62882003893356@s.whatsapp.net": {
      "daftar": false,
      "nama": "feraa",
      "saldo": "0"
    },
    "6285947177193@s.whatsapp.net": {
      "daftar": false,
      "nama": "wel",
      "saldo": "0"
    },
    "6285861163642@s.whatsapp.net": {
      "daftar": false,
      "nama": "qzehe",
      "saldo": "0"
    }
  },
  "chats": {},
  "others": {},
  "settings": {}
}