{"_sessions":{"BVrjUQUqdWpNsWBo6O/dIxKOSbcPsvueEVJo/7jRbmxc":{"registrationId":1272906769,"currentRatchet":{"ephemeralKeyPair":{"pubKey":"Bc40xDTLeH8IwSFgy5Ool8HEt3/Re4Hl5uaJx0Oea/d8","privKey":"ECKQEOmAgR+ioEioDT6Kspjj4ktV1BWHCpsbcRUmVlk="},"lastRemoteEphemeralKey":"Bf5g0SpuWCYVfgf/5zcWuo0IvfcD70HNxM2T/4GR62gj","previousCounter":0,"rootKey":"mwzMyqRP1jRarVg34rVtLI5ME2ZK4oN7LD47nULN+Po="},"indexInfo":{"baseKey":"BVrjUQUqdWpNsWBo6O/dIxKOSbcPsvueEVJo/7jRbmxc","baseKeyType":2,"closed":-1,"used":1739854288622,"created":1739854288622,"remoteIdentityKey":"BfBiZ3dYl/+3zKt2A+c1HIoguHCIp1/TSCZNXzPWIsAd"},"_chains":{"Bf5g0SpuWCYVfgf/5zcWuo0IvfcD70HNxM2T/4GR62gj":{"chainKey":{"counter":8,"key":"G9Xr6IovTiRsxW0VJGVM4YvI0tijNK0iXzxpKWT5ONA="},"chainType":2,"messageKeys":{}},"Bc40xDTLeH8IwSFgy5Ool8HEt3/Re4Hl5uaJx0Oea/d8":{"chainKey":{"counter":-1,"key":"Q2mamGSDmkO2kwBoxleIAj9u10ngaVf6kgKbd0rtu0Q="},"chainType":1,"messageKeys":{}}}}},"version":"v1"}