{"_sessions":{"BcNE5Q70vfeQ/fjJCddMpGIdqTLsXA7/xwQcYN2TfZcx":{"registrationId":1133851582,"currentRatchet":{"ephemeralKeyPair":{"pubKey":"BTjMc6Vg7WYNOW7wpxsi3hIHT4Gx8J9E2BSEtjce57sd","privKey":"IC0nfl26+0bSJ/QyAIjVctngDi6nYzXXrIdoZ4VnNEw="},"lastRemoteEphemeralKey":"BZhyHLXstTYPWXsiZ3pz9MIBwv8+jJWCEDQoV7DO9Stl","previousCounter":0,"rootKey":"67n+f4vNFDeFNnEzeWBv69xEJzfvhHvV7oq6n1CMqU8="},"indexInfo":{"baseKey":"BcNE5Q70vfeQ/fjJCddMpGIdqTLsXA7/xwQcYN2TfZcx","baseKeyType":2,"closed":-1,"used":1739854502909,"created":1739854502908,"remoteIdentityKey":"BemARO2UCS9bU4UoczHS5Tx592aviSFc3JjwhhvQ/UcE"},"_chains":{"BZhyHLXstTYPWXsiZ3pz9MIBwv8+jJWCEDQoV7DO9Stl":{"chainKey":{"counter":0,"key":"X8Jm9bZWgjLrl6mGHvf43Lt6sBiyux8vioopEO5dRf8="},"chainType":2,"messageKeys":{}},"BTjMc6Vg7WYNOW7wpxsi3hIHT4Gx8J9E2BSEtjce57sd":{"chainKey":{"counter":-1,"key":"O75mBafBiMQWpaaUI3TMyUAsnsXx5rwFtSpV33W7lRc="},"chainType":1,"messageKeys":{}}}}},"version":"v1"}