{"version":24,"hash":{"type":"Buffer","data":"hTF0qdyedhJRqlz74cXOlqHyi+QLRZIYjiiKojRe5F7n9WmMGHkm+BZy6Iid3Ur8OCFqjTOj8Y/5h5CZ1Q8pZzqEtmBGREMEkdZQoKPtm7djoJtc/qIoqCJKIvAxXzBIyz8r+2063DX89hCbUvx0mroQYTv10d62LaMaR6Qs5iE="},"indexValueMap":{"HZoD64IebbHbToS0zA+b6aEgnG+SHgIAqmIIOaOfGAw=":{"valueMac":{"type":"Buffer","data":"RHXhfrPZHANGaBay+mdXIxdTV0g1fW7KtA4o2h7OpwU="}},"IDHkrQ6aIuE4b7AZiUbXe98WtRjXUqKQhZGI8cV649E=":{"valueMac":{"type":"Buffer","data":"KGZuzc7czNsnKjFoV/c6fJv9aIBZ9CDRoKl5g9huVXQ="}},"U30U/XgEotW+iIqbjnulL1v5jZlnwDsJEPKT7BNO07Y=":{"valueMac":{"type":"Buffer","data":"vr45R1tnNQBW751V4rg/f20LHMVJgW2bp8LnLW7JN+k="}},"ZmHfDgZJZPGU/TmnAjgEnCP6R+AVArCfeTZ8WxNPmO8=":{"valueMac":{"type":"Buffer","data":"j0XnBcxE0k/oYUc4g3JWuIQxLi4zhYp1lP9pG4045es="}},"gfNnMJ9Hqg10uaeTIVppo+DZG5nrEsFocdhKpEQ1WiU=":{"valueMac":{"type":"Buffer","data":"zOG8hIvf+WsmyJ8dFYdZMRPJDbOYuAUGMlKqo1WnlcI="}},"kHzz2FVdGEpsoKJVsA0eAvO66waWzsYfT+BRIA0cfP0=":{"valueMac":{"type":"Buffer","data":"4e8YYLmWnvLaEL093/lTOTD8ydTlS5WaG9g8a1TNqEs="}},"x8plAOEvVs/O6z/F1lTPBgsQ5fY7aLvkRhD8hrCOQP8=":{"valueMac":{"type":"Buffer","data":"ZDXX3zIVWNPbsoc+WR7cf8wConb36UVjp26mvHmP3pg="}},"0Sn/AZkq9n35npxZxMhh9BMGtdqOYcdjdw8kAo78eR8=":{"valueMac":{"type":"Buffer","data":"lpUnydXg4HR8E98jIDuKw6jd+v9SJ7Oec/RGWcRO60U="}},"3FMD4SydwE3MEBhu5A92IeXUBK0nbqjzzhH2wGvuBI4=":{"valueMac":{"type":"Buffer","data":"mT9fjF+DnINfukxRzqFg57cmbFUd16ZWwl/3zhr6xVE="}},"92TDBbeP4ADPIaKk2Wc5mVnxyBBCwhu/pjBh8UlgVwE=":{"valueMac":{"type":"Buffer","data":"Hho8Fx2I1UYN2rif6o2HrRCflX5jJrppt6n+WH7JnZg="}},"N4HYsWNwSy32jGFLX+wyJpp16XyB1GQecHycd00qn+4=":{"valueMac":{"type":"Buffer","data":"ItiMiAtrrPQwR7r9H2Zk0EZnC2z6ikQ3GGFfVsy+vUI="}},"zBD/UfzSNdo6sT9jOT6Yihdvs659n7r3Dr5oyeJhLUE=":{"valueMac":{"type":"Buffer","data":"iKSq2SSQQ20q+Pj5TU5xBk/was8dvo47mvUwuFxD6A4="}},"5i6g/bZmPdGl4tdcA2PlMdnn7qy8YSk0bf42mIXgMMM=":{"valueMac":{"type":"Buffer","data":"C48gXE7dILEAaUBYUL5bCzRwdHl4SzZ3bOu/9Tjl56c="}},"TMviF2cQ/QAxXNsHhQ1u44lfAYyQS6MlwwA4JYVm63A=":{"valueMac":{"type":"Buffer","data":"J5/hE+E8GqnayFhAxtWX6sFvqPPvJwaYyuhHAcMY+Fw="}},"gyhV0Rgvz8N0D8nGvrkzWcB8HnljTv/fw/OogWSLKKM=":{"valueMac":{"type":"Buffer","data":"XQ8DFcNVHeuh13/cBGKG6E5fegRbDCIbshUU/9sFwzs="}},"MErxOz1H8cm/sU3J9h83bD+0LUacU/qD7t44Yw9K59M=":{"valueMac":{"type":"Buffer","data":"461lMu/GY34f5AYpKHsLAlF0Ysn1DOS96371PN0apBE="}},"IJUMNf/utRE5qNAla6lioyfka84D7l1wa2G6ZQxb918=":{"valueMac":{"type":"Buffer","data":"uNrGGl07Cl3G0HjKy2Gc3UaTGsmwfsHJbJsgpCLINCk="}},"00iJGF8lbgfOlWoGvvlgIJVx+WYI2adsVtEXobn43cg=":{"valueMac":{"type":"Buffer","data":"XQhzIiZgkDVhJVTzFB05Ya/IyT5U1D7l1ud2xbsWkpo="}},"Uplofi2YeAkInaSNwMj1tkosnvsQ0cZqXU0ahfJW1nk=":{"valueMac":{"type":"Buffer","data":"7ZeigT5r6CUdtmbQR+psFqi9rykFnzAWOWC/JPTr82Q="}},"ULAlmaNMCa7ihhnpOZkHIJ7IN1Y0Z7MKHzrD7E7Q/PM=":{"valueMac":{"type":"Buffer","data":"yVjdqziTo06JRk2U0fYDPqFBDr+7ZUTNHYTu5nnmn/8="}},"6zaFohTwpGMK/XWOiy/i21ZnDctFQnYn7QNUF5h8hcY=":{"valueMac":{"type":"Buffer","data":"joNWp5obV2JUt1SJAgElc2WnhIq8XVm8vI5Ge6TANy4="}},"jfZ0uuxdaZMCx7liRtc5k4uvISRtwOTiE/ccktTEcpU=":{"valueMac":{"type":"Buffer","data":"rgYSlv/GVOLM7HKt04pu6jfHR3r6OK57pS2+liqO5pM="}},"5xppVyya9S3ha+a2cbaQYdH1rjwOHMvC2ufZtPpTUdg=":{"valueMac":{"type":"Buffer","data":"3WC03aE7RXtaL+VNHdRuxwJ4eoOKanoXOfDYTID69NI="}},"D0G+KWkK8UkyhD2z8/610hoeDozakLAeVQD8H/2qcK4=":{"valueMac":{"type":"Buffer","data":"ZLCSQsqTxFHo5uasxFQ6wOCWoAT/H4mTAXGMfq+Pvms="}},"lL0tc2se7O/Xp2nSjQIBqKhOCwibcqQjtbcBWI8zcX0=":{"valueMac":{"type":"Buffer","data":"nNW6dnijl5sDG6AeXojvJGsKbIMFAO9a8iSmJa+zYqo="}},"lHO17BBuBmdUoC8AmyLBBk12DkwW1aBKQ7sEQ2T1Yvw=":{"valueMac":{"type":"Buffer","data":"+Wv0L0QWCOqU+FX87KvBytSydJhQQIbkUSUN5MxRcZU="}},"ps6qJK3d+CAaO98Hh/RIE336PPDUxA77suV2rrP3luE=":{"valueMac":{"type":"Buffer","data":"/K9wWx37QCzoUZvAKPT5Yg4dnBrEXrbPZxms4UMCv94="}},"asMX/ODP2qaR8NsqWWa9c/z9dOqCthbtoMcLnamtgJk=":{"valueMac":{"type":"Buffer","data":"ojkHi44acf9teHQ/8Td2ywNLxKGs2ZOaAAvSwpN10k8="}},"GyIskHUtBi5JCqX5KNkB/Cab9vX45PZDeuoqBNTB7LU=":{"valueMac":{"type":"Buffer","data":"onC6SAHhTIy16PbPcGoV7j6GhR0/jpRYU+X702hzolw="}},"XEqIVxYX/67oQUMFdzI8Fs2/o2FrgrNSgBlj83IxFKc=":{"valueMac":{"type":"Buffer","data":"HCKpHx0PYl83ak55G70f68lFsmF3iuUwyqP1105KMbM="}}}}