{"noiseKey":{"private":{"type":"Buffer","data":"gJbq2W4+cPkYqJE4VtjXfxx0TroengE/jRZW4iEu7lQ="},"public":{"type":"Buffer","data":"N15pdzANjX5Nm5mypSRyDKrCQkC9vj+PO2K52NCopTw="}},"pairingEphemeralKeyPair":{"private":{"type":"Buffer","data":"gBI3VwGb746HNe2NSylEkQk45TLJeVwLt5l9uzzJPWA="},"public":{"type":"Buffer","data":"mxnboWCopbqq8+M8hDhS/cIS9hGFCbbbF5M6x4lH5VI="}},"signedIdentityKey":{"private":{"type":"Buffer","data":"mN+XoQgbON0Z/U9uEIcUcJXxaW6yVeGPvWHeCfWhi2Q="},"public":{"type":"Buffer","data":"BZ6HlxjIEwA0KMZR+MrDHZgOYiglePusdqC0V8Ppak8="}},"signedPreKey":{"keyPair":{"private":{"type":"Buffer","data":"sFQGND3tt2BQWlsbfYKrHKxNdVOhIlA3oVC243T3kkQ="},"public":{"type":"Buffer","data":"nWOmIDgW9IcX3IWMNFkeHJWu6//8kDPUn+roFH7y0F4="}},"signature":{"type":"Buffer","data":"daTUv3FUI6MMDSOLwdMAsQucaEXXYlyzwyl3PeRMjcq+KL4Imfs3FbJG11zBLHwGcT8qM1xpKUyOsa1E0hRXhw=="},"keyId":1},"registrationId":68,"advSecretKey":"R9RzBYs9/OA8Leh1cH/7jPbwDPp7a0I0DvNeDvpnr6Q=","processedHistoryMessages":[{"key":{"remoteJid":"62815426921785@s.whatsapp.net","fromMe":true,"id":"90626F7166DDCD592E2E093E2A1DD3DD"},"messageTimestamp":1736083707},{"key":{"remoteJid":"62815426921785@s.whatsapp.net","fromMe":true,"id":"870AA5681F467B0C6BD5C856002E72C3"},"messageTimestamp":1736083708},{"key":{"remoteJid":"62815426921785@s.whatsapp.net","fromMe":true,"id":"7F08BC0C08DB458200DC1FE94FBA7630"},"messageTimestamp":1736083839},{"key":{"remoteJid":"62815426921785@s.whatsapp.net","fromMe":true,"id":"5463F5841CD4AED6717A0A0A75236814"},"messageTimestamp":1736083890},{"key":{"remoteJid":"62815426921785@s.whatsapp.net","fromMe":true,"id":"D97E8741217EFB1E872A251D1E287A3E"},"messageTimestamp":1736083895},{"key":{"remoteJid":"62815426921785@s.whatsapp.net","fromMe":true,"id":"F4F48BBBC1A28FE262B37C8AE9292916"},"messageTimestamp":1736083900},{"key":{"remoteJid":"62815426921785@s.whatsapp.net","fromMe":true,"id":"8278AFA1CA42E4E75CBB9791358D6E91"},"messageTimestamp":1736083920},{"key":{"remoteJid":"62815426921785@s.whatsapp.net","fromMe":true,"id":"AF0460C72785AACB6E693DEB86A9B51C"},"messageTimestamp":1736083944},{"key":{"remoteJid":"62815426921785@s.whatsapp.net","fromMe":true,"id":"BD8B1F20D0B64567A3D2E9BEF6F956B5"},"messageTimestamp":1736083949},{"key":{"remoteJid":"62815426921785@s.whatsapp.net","fromMe":true,"id":"2DE037D9810244B831D64728D4812A9A"},"messageTimestamp":1736083983},{"key":{"remoteJid":"62815426921785@s.whatsapp.net","fromMe":true,"id":"5C126918DB97F20CC8927F2AAD6992B9"},"messageTimestamp":1736084003},{"key":{"remoteJid":"62815426921785@s.whatsapp.net","fromMe":true,"id":"DE1144067AAC0DA50FB840A628C246D4"},"messageTimestamp":1736084014},{"key":{"remoteJid":"62815426921785@s.whatsapp.net","fromMe":true,"id":"995F1B05103D01513B6DE7D71E2928DC"},"messageTimestamp":1736084035}],"nextPreKeyId":1517,"firstUnuploadedPreKeyId":1517,"accountSyncCounter":1,"accountSettings":{"unarchiveChats":false},"registered":true,"pairingCode":"LEZ9NS4Z","me":{"id":"62815426921785:31@s.whatsapp.net","name":"babu","lid":"73654964617264:31@lid"},"account":{"details":"CIXJxdQBEPSR6rsGGAEgACgA","accountSignatureKey":"yTsgC7iIRQBdUQVMflUT12gMECgSvw6i1CYPXfYp4Gg=","accountSignature":"F2vacI7rmdQ37xasNRPnY21N05YXwJQCtHc0EGVYPEicQO5l1hAUgx4aBorNdR2veWCRIpa+t8NBHlOvANcVBw==","deviceSignature":"5egSYQrLcpmU45gAA37zedaqhOQm0ay9zWOVlMISlwP/51mAT+CTOSjIM0hIQXiDGvD0WPM97FX5pPu6Suh4jA=="},"signalIdentities":[{"identifier":{"name":"62815426921785:31@s.whatsapp.net","deviceId":0},"identifierKey":{"type":"Buffer","data":"Bck7IAu4iEUAXVEFTH5VE9doDBAoEr8OotQmD132KeBo"}}],"platform":"smba","routingInfo":{"type":"Buffer","data":"CAgIDQ=="},"lastAccountSyncTimestamp":1739349177,"lastPropHash":"3R9Z39","myAppStateKeyId":"AAAAAOIP"}