{"version":1,"hash":{"type":"Buffer","data":"DBzx7uqIkjTCJ0ybL1xFavvKQwXk6+FTKBGN31oeq9TsWuJqDIFCbn+e7P+tElvf+Q3WDD35Syi4Jg2k0UnYEh7lqUEyIjLurFkZI++0xv/d5U4ABCCcEmBTxtBEMVfM1RxonbFNjzeF/z8g4caRCLQMWGwbuYuNguAUBX57VRA="},"indexValueMap":{"gtN1n3F48XUxUGk2IP5yaZlH4heIKLY2GaLjqsNY9oo=":{"valueMac":{"type":"Buffer","data":"u2b6witjAGZPI0Sv29SoCp9gQ3NuzqDRUyRaE06YM7M="}},"5b6kS6fyxN7gDZ3eNmik2Ft1I9YhJMEDwWpwYUN/hFI=":{"valueMac":{"type":"Buffer","data":"mII26Bt3jWebAuigv32nFz57MAAGFPK4520gvs1ZaDI="}}}}