{"version":4,"hash":{"type":"Buffer","data":"ySqscBp8SCvpgOedmctEi8F2UBQ+fEbUcVpuJJ4Rt7amXi2BAX+Mxj7J1WEGRYlPe9YKp1Yybg7fKehjEKxuB44Mg40ZFysRKfFBOr56OmGuYoaTSpfTUailty0zQK9q2Mdt3DyATqsF4JYFJhHciQI3TOrfUwhDZjsvJV3pmtE="},"indexValueMap":{"AHSOitgaXesPsPHEiYII7G1NOBLMM55pN5vMc6lJL0s=":{"valueMac":{"type":"Buffer","data":"GfdslHCMBAtThM2w6zI2POkEPh5H90MTs2vpCiYENUc="}},"P38WxjwzE9BpnJQHknTpmsr1hCQwAKLenmqDxQvKQF4=":{"valueMac":{"type":"Buffer","data":"R6b37BKk0t+9aRYz595gNJcjcb5WjAspcXB8hQ7pSBg="}},"Q17JCSYyYw1ODx5KjnWyhghdlzhYoFeE0mf5rIQDRDg=":{"valueMac":{"type":"Buffer","data":"wrAQJikQUnd31KXJvJIDTnH6F9enyVDCJEMU0jjKn2w="}},"XH+mPXkp7T+2EkhNh1EZAV2mDkCVoiSGFRDaxyMQYQ8=":{"valueMac":{"type":"Buffer","data":"NeiloBcRvKwTjqETz1N+vokwCYg8Ms36OoJw0SJzRW0="}},"xjn6S2D9Zml/pdN+ST1eF55x4oHVX9ZEn6GDf4lKEx0=":{"valueMac":{"type":"Buffer","data":"u26w9ElLwpCwVdGo0D/l+LSN5TvhTEYAAM33cH70OMQ="}},"+nioUJfp0bfqkHQvmF+I++adY2Zj/ObDrwSC2Iy/w2M=":{"valueMac":{"type":"Buffer","data":"FVucY2Qyg2V7M4cOfflWUhcMXL9SwcUGeTcYBOh/XGs="}}}}