{"version":9,"hash":{"type":"Buffer","data":"0pAzDFNnP66A0l/HkbxowcD7kutbNt5saVA5OVlhcC4Fnckq06EuWF3yeNy8viRN/JWL13f7Dd5CLwfdOJfOKl4nDeS3XJ66gnNKe7H7Fr0YLtCo89vP7JXQ7OLCduCNwBt31NpmgQf0ieVa/K5cu6mG+thNFt18quF1yOoDz1s="},"indexValueMap":{"CJ10n+bgbjD0Mptu5blr/1WLiUBH1UV7XPi2GJOmNZc=":{"valueMac":{"type":"Buffer","data":"NAnRzKpf0gMYbgOzAIal8jI4nzYR52oKprYhc5muJpc="}},"EqCvMl/CMs3Axrsrd29Jyg6nU0LSI86iM87Bg64EEtE=":{"valueMac":{"type":"Buffer","data":"AM3gJF0psT/b5IfL+IhTp2A4kFXYeGip3bpN98zHQug="}},"JgZGH+qHrmvwFfq71Ev5uEP4SCb1KAbNqxabB0dFiT8=":{"valueMac":{"type":"Buffer","data":"bblSHXtAjjoLGUSiCJaMtoABC+Rhq9Kn1AFrpn+xuqc="}},"MuLUMcjz2lJzcbsmQ2BN9iuEWepBZn0f8p3nTJhUa90=":{"valueMac":{"type":"Buffer","data":"XeKUSdHRyy7Lw5N8h84UBcA8rEI1RQCfQd5JwlPGP1g="}},"Rmdt5ZKbUSwBRRSL5wd1P4U4l0UBg4yoM9K19SwdnU0=":{"valueMac":{"type":"Buffer","data":"xuq8YYNupAKJ0TU4sF+9WXS5W311k5jA5wsGKLj0NJ8="}},"SuCumYpy6mtGCaYsUFRD4vP948jjLRICke6t02xeE1w=":{"valueMac":{"type":"Buffer","data":"NiV3PfV19/cg+ilijrIlDIeXX/G6tIIsklZ7ZUqSK84="}},"TnRWYxqMpMiqZZCducpGBLOzEhMbzM9js9tqWFNXpi0=":{"valueMac":{"type":"Buffer","data":"P9pgRXN3Ue02jEt5HXpER9XQbiSQ7MyJz7REc3Pnw+0="}},"bsQNHQNL6iu2z3B8ZGkhNmbRKbqa9kDXKiHS/gFZQN8=":{"valueMac":{"type":"Buffer","data":"uh/qHxj1mSSzbBV1PAy73wsBXRESw+LPSbWMsYsWMI8="}},"c4nkz3ZfzrnH0NIcwdrOgMf/cY1K02skv+eHxMn639U=":{"valueMac":{"type":"Buffer","data":"CzXt0K3OwenxERAdxYn1d8J/AfepkpujNx5DZrUbGNk="}},"fLFw60YwO4x9EhLKU0ECGD8MAsGwxmxGO6+g2wHWzvY=":{"valueMac":{"type":"Buffer","data":"KvAF9wRcLCPKUaNbj1iHFAgPYd8I/JuUfdT7xaae4i0="}},"lZs9u4f19neH7RtqPbVUO1VDt7P/Dhhh/CRm5ZJH9Ec=":{"valueMac":{"type":"Buffer","data":"ulvNxcldZOjfC0hdxdLdMLTQ5trs51W4RDqYv/2MwzU="}},"uGeYD+Ay9Lo3smnmOnBq4Yse+tMV8GktLgHgC8AeHdE=":{"valueMac":{"type":"Buffer","data":"LwLAXGj8Ue1gk2h2K1Eg2UEtGD4hUl/Jm+6opCFQaJI="}},"vHFuUAD9viSPXz9P8NTIgLcgNAJb9sVfyPwviwB1t6c=":{"valueMac":{"type":"Buffer","data":"4W3+Xof847KDb5d3TSDgKGjYIzGPbTWBNoQqHbOsBiE="}},"xGaww2uHpzIxicow/WN9x5vq3a8HjbRJIcJnD9/Ns8w=":{"valueMac":{"type":"Buffer","data":"vpEHYAbkmNM/dmSWmDgBk0G98FHUd37b4mYgjIy658M="}},"8w0H3KsjwtMgYIt4ic2LJ1CJZBk7ohzOAZSUzxOcMpQ=":{"valueMac":{"type":"Buffer","data":"cEXWX+XgXM3edne1D3EbZNUTo9iyO+gD+0gL97KEie4="}},"c42L6dDdMu75+5nPPyihbnkTI77hDZ5b+ESamBzB93Y=":{"valueMac":{"type":"Buffer","data":"3guA+Z8sVQvqV7b6O8m43H7i2RYeOVWY4a/pVUCEJ6w="}}}}