{"noiseKey":{"private":{"type":"Buffer","data":"EH0GObWiMlrZRAczKBXmuHIoWo6rVKI42nm0cWSu6Ho="},"public":{"type":"Buffer","data":"/qFfC71h+n1fcBf9WVlvtEtuXZkNhC61xH+MBm9IG0w="}},"pairingEphemeralKeyPair":{"private":{"type":"Buffer","data":"iJDfcsDBIFqrLVBQx1y8QWIY00H/Q562RncMCJuQJ1w="},"public":{"type":"Buffer","data":"f3WMyQOHovJXbN4JVmn9lWdwxHJvHBXscwENxbeNAgw="}},"signedIdentityKey":{"private":{"type":"Buffer","data":"0OSmV4WybLzS8vBX1RC6t2YMi7GgKrhLiDh+OH3iZ3w="},"public":{"type":"Buffer","data":"3wINJsgtOeUeYxCfBSHjkS0Mn2bcILl0VTFxudxr208="}},"signedPreKey":{"keyPair":{"private":{"type":"Buffer","data":"EHsrperYjTUg2uep2p/Qmi6GRoht/wTwhyQh5JG75Hs="},"public":{"type":"Buffer","data":"vtuXmyWRlmsTHcnPN8s0dEbwrKUDBYkTU8KT/3hJVU8="}},"signature":{"type":"Buffer","data":"Lzt5uAQ1sTMYzqRcMqbR4L1m/HLjGzVOylH12UnoFjOt1YTmsYSJ8/F40WJiMq9N91sMZj/QgH6sW09sA14QDA=="},"keyId":1},"registrationId":67,"advSecretKey":"5j5t2C8gQfl5OpPUyVKCZFnXq9OvqgtAao2HhA9mK/Q=","processedHistoryMessages":[{"key":{"remoteJid":"62815426921785@s.whatsapp.net","fromMe":true,"id":"22740B633EF3CD879AA319BBAFB20ED1"},"messageTimestamp":1739854290},{"key":{"remoteJid":"62815426921785@s.whatsapp.net","fromMe":true,"id":"BDD5280A387B14B374623112FE9E462C"},"messageTimestamp":1739854306},{"key":{"remoteJid":"62815426921785@s.whatsapp.net","fromMe":true,"id":"CBBC466D1723C8D3388388877690BAFC"},"messageTimestamp":1739854311},{"key":{"remoteJid":"62815426921785@s.whatsapp.net","fromMe":true,"id":"65FD0CB360BFCBF776D8137F603B61F1"},"messageTimestamp":1739854312},{"key":{"remoteJid":"62815426921785@s.whatsapp.net","fromMe":true,"id":"4199BCEA0E80CF98A015FC4D96DC4F1F"},"messageTimestamp":1739854312}],"nextPreKeyId":31,"firstUnuploadedPreKeyId":31,"accountSyncCounter":1,"accountSettings":{"unarchiveChats":false},"registered":true,"pairingCode":"TLBXE3AH","me":{"id":"62815426921785:38@s.whatsapp.net","name":"ygg","lid":"73654964617264:38@lid"},"account":{"details":"CPanx7kBEMqj0L0GGAQgACgA","accountSignatureKey":"8GJnd1iX/7fMq3YD5zUciiC4cIinX9NIJk1fM9YiwB0=","accountSignature":"rg89nRluYEaZgi2IWuDB203Ntq1HXsQZPh3m069Yf1qDRmXEI/SQTYhBJUggwS4F9UaUtDrhLL/xUJ1p+GjzBQ==","deviceSignature":"iEuygdwIIwcL9nbjWiv7ivxRiYGVit9oUsREL3zgu6UgK4//Vz8Bhxh+/SO3XPlCVAarer1kPFyofB5c+i8ECA=="},"signalIdentities":[{"identifier":{"name":"62815426921785:38@s.whatsapp.net","deviceId":0},"identifierKey":{"type":"Buffer","data":"BfBiZ3dYl/+3zKt2A+c1HIoguHCIp1/TSCZNXzPWIsAd"}}],"platform":"smba","routingInfo":{"type":"Buffer","data":"CAgIDQ=="},"lastAccountSyncTimestamp":1739854485,"lastPropHash":"3R9Z39","myAppStateKeyId":"AAAAACT+"}