{"_sessions":{"BekAHtpmRSxNOZPHKRLkuyQ1QpRtDbjJ/AMgqfU5mdw6":{"registrationId":9637,"currentRatchet":{"ephemeralKeyPair":{"pubKey":"BT852gOAP7/QeCJ1bACK+gvjfeHGVYrM6ZCQxr2EjNQU","privKey":"cGtwC6BWAu9oh512Di42otCwJ9tZHXL3Qxv1X6Q9sWM="},"lastRemoteEphemeralKey":"Bc1Xil067SsG+EIBBNM9JiZE+n6VONLAyJ4dajFofRVG","previousCounter":0,"rootKey":"xgNZtAAlFW8wMwUOm3lMHMTaTyf86lwWc6IbWXEKSqQ="},"indexInfo":{"baseKey":"BekAHtpmRSxNOZPHKRLkuyQ1QpRtDbjJ/AMgqfU5mdw6","baseKeyType":1,"closed":-1,"used":1739854510896,"created":1739854510896,"remoteIdentityKey":"BaxRNpI1o5fbATho3sx46+orPmu7YqRJ30QOPgZOMuQx"},"_chains":{"BT852gOAP7/QeCJ1bACK+gvjfeHGVYrM6ZCQxr2EjNQU":{"chainKey":{"counter":0,"key":"7w9NypXDnFF22xQJTekH35GmrDoKesJhc2JT/5+Lo2k="},"chainType":1,"messageKeys":{}}},"pendingPreKey":{"signedKeyId":1,"baseKey":"BekAHtpmRSxNOZPHKRLkuyQ1QpRtDbjJ/AMgqfU5mdw6"}}},"version":"v1"}