{"_sessions":{"BYAuXfEQL7kmwNevbshRba7tnaz8SMXvE5GqC7ezTixZ":{"registrationId":12,"currentRatchet":{"ephemeralKeyPair":{"pubKey":"BSM/Ganap2dpy0sA30d99ye7F33HCd2tm9t+XxzC+Lxq","privKey":"oFP9FQjtGO6hvnANo+kfm9L4eLyI4g0It/cfAxkDRWk="},"lastRemoteEphemeralKey":"BbL97Qfs7hRkFB60x3kx6a93oAuIMIvPtXxHwF1I1ggd","previousCounter":0,"rootKey":"J9s46bVxD0m/5cQzjXgWoHHr20YYGyD5jDlWR/I31WA="},"indexInfo":{"baseKey":"BYAuXfEQL7kmwNevbshRba7tnaz8SMXvE5GqC7ezTixZ","baseKeyType":1,"closed":-1,"used":1739854510904,"created":1739854510904,"remoteIdentityKey":"BVA6JU98W3IKy7rm/XaaPcpwAPCYcMtG5vnE3MyJ9EVJ"},"_chains":{"BSM/Ganap2dpy0sA30d99ye7F33HCd2tm9t+XxzC+Lxq":{"chainKey":{"counter":0,"key":"LbaMhQ+uB8/Gfh7inTC6tx5T5uamnXsleOE+9TJK3rA="},"chainType":1,"messageKeys":{}}},"pendingPreKey":{"signedKeyId":1,"baseKey":"BYAuXfEQL7kmwNevbshRba7tnaz8SMXvE5GqC7ezTixZ"}}},"version":"v1"}