{"_sessions":{"BTt8KanI4Sez6CzAOTb3OuhP4QH4eciGBk5WQ3iIuUUK":{"registrationId":10056,"currentRatchet":{"ephemeralKeyPair":{"pubKey":"BcxZXtzYEC+0+ScvFmMVP3TO56Ngbu+SoAcUTSlxmewI","privKey":"ONr8ogDFqx2EVFkONoOY0LtYqE8XjZmq6alwiy1D+1k="},"lastRemoteEphemeralKey":"BfoJIwEbC41EPOa5Hhn0G8xJlLbPf9ukgYZgxXgK8ABP","previousCounter":0,"rootKey":"hEmloMkFxhdggVTxkIHlPwiaVOC/RYdnAiBMO2+amRg="},"indexInfo":{"baseKey":"BTt8KanI4Sez6CzAOTb3OuhP4QH4eciGBk5WQ3iIuUUK","baseKeyType":1,"closed":-1,"used":1739858117906,"created":1739854510887,"remoteIdentityKey":"BQlfH5SuZinbQ1HkIQkdgyHyotHy1n/LnCy7JU3z+h1B"},"_chains":{"BfoJIwEbC41EPOa5Hhn0G8xJlLbPf9ukgYZgxXgK8ABP":{"chainKey":{"counter":3,"key":"710YccOODlIIt79oP1WMVjtP6gk5jkemefkajUnKbMM="},"chainType":2,"messageKeys":{}},"BcxZXtzYEC+0+ScvFmMVP3TO56Ngbu+SoAcUTSlxmewI":{"chainKey":{"counter":-1,"key":"hRVP+tUhAGWbn+OIoxyhdtkbh3FjfU4dr9dwGxJif+4="},"chainType":1,"messageKeys":{}}}}},"version":"v1"}