{"_sessions":{"BQH5WI9BIoZkdsjy6Zr8suXE0Rro1lAPzlj28L1eigNq":{"registrationId":189,"currentRatchet":{"ephemeralKeyPair":{"pubKey":"BfT8snsnhM100ahZHTl1bWe4OkWnvkfWL0g+357w6ZcT","privKey":"wJ6OHMFuRn2Ysda+gmJcbo0OAizwh3Skclw+khjQU1c="},"lastRemoteEphemeralKey":"BVEMbstXUNyuc19sCBUEbDyyCbQ0vKyj54qdYSs/ANsm","previousCounter":0,"rootKey":"vn16IQDsGLBnAmSeWrq+oyskdrBhlOXNEHFevyztsSw="},"indexInfo":{"baseKey":"BQH5WI9BIoZkdsjy6Zr8suXE0Rro1lAPzlj28L1eigNq","baseKeyType":2,"closed":-1,"used":1739854669326,"created":1739854669326,"remoteIdentityKey":"BSL2WNa3kbIk3Waxdvss2FVQa8uDw9NtKF9ElSDkF0Ib"},"_chains":{"BVEMbstXUNyuc19sCBUEbDyyCbQ0vKyj54qdYSs/ANsm":{"chainKey":{"counter":1,"key":"DC0ULIpuUH2dLbRAEFo4a7Yx0QOSbbnzqLwSY3iyPiQ="},"chainType":2,"messageKeys":{}},"BfT8snsnhM100ahZHTl1bWe4OkWnvkfWL0g+357w6ZcT":{"chainKey":{"counter":-1,"key":"6sCBzZbJft073kNoorDVOWHaKybkX/UZIiMw5/I/scw="},"chainType":1,"messageKeys":{}}}}},"version":"v1"}