{"_sessions":{"BYsVXwG2llBH4VesP4rGesRZAcS8JwgwDki5hm+iGolR":{"registrationId":43528235,"currentRatchet":{"ephemeralKeyPair":{"pubKey":"BYZJuWm4f9VkDfGY1PJpezbNSTM4Dl4hBNH2JAROM5Ac","privKey":"CK+4lDfq2l70JeB9eJ6SylnTSwhOgVvdZoS50ZfeMm4="},"lastRemoteEphemeralKey":"BRgqcDzmOhpXAEoHhS29s5umM/1tnyDOC13K8KJ2x6ki","previousCounter":0,"rootKey":"xcnGS5kleploPeWgt7cjAIMCf8ilERbMQZ74XugwUN4="},"indexInfo":{"baseKey":"BYsVXwG2llBH4VesP4rGesRZAcS8JwgwDki5hm+iGolR","baseKeyType":2,"closed":-1,"used":1739858117313,"created":1739858117313,"remoteIdentityKey":"BUJtgDM6si2nDqaX2FETSa39Bv6eUYaPQrHvR5joDuBH"},"_chains":{"BRgqcDzmOhpXAEoHhS29s5umM/1tnyDOC13K8KJ2x6ki":{"chainKey":{"counter":0,"key":"xGJoXvWUEX35rJ9rmdn07bavA2mPUbpCDogFtDN4k8o="},"chainType":2,"messageKeys":{}},"BYZJuWm4f9VkDfGY1PJpezbNSTM4Dl4hBNH2JAROM5Ac":{"chainKey":{"counter":-1,"key":"Za9D0sK+RU4Ep2vGZZF3hRr4Dia0abBnQuN3xpmTEqI="},"chainType":1,"messageKeys":{}}}}},"version":"v1"}