{"_sessions":{"BbYWpNb0ni2mL65j8/av0hjhVJVC6uVXPXmDnrDXJXoE":{"registrationId":70,"currentRatchet":{"ephemeralKeyPair":{"pubKey":"BTuMSAu2Qr+l+QDg30ClRSRWUGZECU23no3V0JkDGWIZ","privKey":"AEodbJ1jTMeiW8UQmIAww+LCLBcFrjW/CSAJt3p+llU="},"lastRemoteEphemeralKey":"Be4RS4JyWCY8onIti3YygQ7hoR2AAJX6hDRm/EIRBTYM","previousCounter":0,"rootKey":"l6BTxP/XmQVcjNGRM2Bq608xTuDoNkAT9yidoLHHcXc="},"indexInfo":{"baseKey":"BbYWpNb0ni2mL65j8/av0hjhVJVC6uVXPXmDnrDXJXoE","baseKeyType":1,"closed":-1,"used":1739854510892,"created":1739854510892,"remoteIdentityKey":"BcZlz0DjNGit6rK8f8uID1Lp4h12UJtRb8//oXdrtzwT"},"_chains":{"BTuMSAu2Qr+l+QDg30ClRSRWUGZECU23no3V0JkDGWIZ":{"chainKey":{"counter":0,"key":"tSygUpxXO4nZFLt3CH9WNqmRCjUM3/ECea/bjOIiQBA="},"chainType":1,"messageKeys":{}}},"pendingPreKey":{"signedKeyId":1,"baseKey":"BbYWpNb0ni2mL65j8/av0hjhVJVC6uVXPXmDnrDXJXoE"}}},"version":"v1"}