{"_sessions":{"BT/FrA7lOcWKzrhIaZS+BxXuZ7bIlLxDYOM4xosmAIhg":{"registrationId":15,"currentRatchet":{"ephemeralKeyPair":{"pubKey":"BYn2neczZN6FAEcxF/HqHxx20t6KF8lizEJ1+z6OStpW","privKey":"aBPbRl41C5Dc2JD3Fo7aStI7eilZ3jR5aJ0iodEMQG4="},"lastRemoteEphemeralKey":"BcfhnUH0gcH/Yckko/3IaDNC7ApCGNonbSkm5OXU+s1j","previousCounter":0,"rootKey":"uGWC1lIYp+qDYIXjsM68oTR/b0w7HyMGOKsQZTJU0lA="},"indexInfo":{"baseKey":"BT/FrA7lOcWKzrhIaZS+BxXuZ7bIlLxDYOM4xosmAIhg","baseKeyType":1,"closed":-1,"used":1739854510908,"created":1739854510908,"remoteIdentityKey":"BRAJiQrKHFXaZf7g6bTaL2qqtJnUSKBjFf62VnG+i9IG"},"_chains":{"BYn2neczZN6FAEcxF/HqHxx20t6KF8lizEJ1+z6OStpW":{"chainKey":{"counter":0,"key":"A8Kq+5rrGqVZ14lGxBlu2yJrxhq87tWYup/6ZUgxELU="},"chainType":1,"messageKeys":{}}},"pendingPreKey":{"signedKeyId":1,"baseKey":"BT/FrA7lOcWKzrhIaZS+BxXuZ7bIlLxDYOM4xosmAIhg"}}},"version":"v1"}