{"_sessions":{"BTvXacAr4Gf8Ze8LQmSfvVVmTq9vNoxfL/+qaKzMwuQV":{"registrationId":235,"currentRatchet":{"ephemeralKeyPair":{"pubKey":"BUvnQ84RRmMkyzX2Enpr/dFg50vw9MyeSe2tTyH6a8ET","privKey":"GMU4ddezzfKYyJAzPran42CmapKRgl9AuZ5jj7inzVM="},"lastRemoteEphemeralKey":"Bdjz72yIJ3VEb5E+Y0irT2GdDxYc8aWuGywLH1Nc2Zp2","previousCounter":0,"rootKey":"ygw5rVFLwW8pZ7zIqNekU2WAIPuFHDVSe6EwKqiXPV8="},"indexInfo":{"baseKey":"BTvXacAr4Gf8Ze8LQmSfvVVmTq9vNoxfL/+qaKzMwuQV","baseKeyType":1,"closed":-1,"used":1739854510900,"created":1739854510900,"remoteIdentityKey":"BUBTSDr7Wo7wQyW+Dxo62qLhIJJKU1rgYTTLNvHocq9D"},"_chains":{"BUvnQ84RRmMkyzX2Enpr/dFg50vw9MyeSe2tTyH6a8ET":{"chainKey":{"counter":0,"key":"0aX295liunqT4/LVFlIyTPZ6ALXfYPn8foF/Z/yX5rU="},"chainType":1,"messageKeys":{}}},"pendingPreKey":{"signedKeyId":1,"baseKey":"BTvXacAr4Gf8Ze8LQmSfvVVmTq9vNoxfL/+qaKzMwuQV"}}},"version":"v1"}