{"_sessions":{"BbZ1ehsehjm+eRKCSbrgoN2qoaZ0c4iR2E1BxRVAtw9b":{"registrationId":902039462,"currentRatchet":{"ephemeralKeyPair":{"pubKey":"BZXBrIs95ScoZQiNEoSFBimdySnUzchpVOhiUkgZEe8p","privKey":"KF6ADPk/SmOTbfPX+lpb71SZ5f5b5ZQzrMdB3xGYX1c="},"lastRemoteEphemeralKey":"BRHGX35Z74qQvQobOyXmPymOLMUoWcHys/FbZ0xRxnNs","previousCounter":0,"rootKey":"pi1Va6LMCs4ABB2BZfpHi7ZZtGrkw57l3jhohyf9+s8="},"indexInfo":{"baseKey":"BbZ1ehsehjm+eRKCSbrgoN2qoaZ0c4iR2E1BxRVAtw9b","baseKeyType":2,"closed":-1,"used":1739858117790,"created":1739858117790,"remoteIdentityKey":"BQpHPuhT02FNMfRGuWZ+nOuHnxElCs2ZT4hvheJN6nwz"},"_chains":{"BRHGX35Z74qQvQobOyXmPymOLMUoWcHys/FbZ0xRxnNs":{"chainKey":{"counter":0,"key":"6/4W/jlGs9a+lBh5BVyphW7JHmAM6qxoNiyYB/WVL7U="},"chainType":2,"messageKeys":{}},"BZXBrIs95ScoZQiNEoSFBimdySnUzchpVOhiUkgZEe8p":{"chainKey":{"counter":-1,"key":"l/hZ2sEqS+kq7itqDaMd2axK8OMw7W0L5uEjtu+m2uM="},"chainType":1,"messageKeys":{}}}}},"version":"v1"}