{"_sessions":{"BVrjUQUqdWpNsWBo6O/dIxKOSbcPsvueEVJo/7jRbmxc":{"registrationId":1272906769,"currentRatchet":{"ephemeralKeyPair":{"pubKey":"BbnD2Ez/L9CvIvuWJo1mXXsCnDO/jyJMehewYiy2KChx","privKey":"2If5LrLIxN7LG2iPfCWZ/wW25Cxaf67jZ8HaBnz711Y="},"lastRemoteEphemeralKey":"BV89lbp5FTE5n/TutyBK5oC0dMjh9tKQQu+ClFla58hi","previousCounter":1,"rootKey":"Ac5Sce3rKJ3jC2UJLsMnCgJ7/sk9mTwKCX0nT1WXIJk="},"indexInfo":{"baseKey":"BVrjUQUqdWpNsWBo6O/dIxKOSbcPsvueEVJo/7jRbmxc","baseKeyType":2,"closed":-1,"used":1739858117933,"created":1739854288622,"remoteIdentityKey":"BfBiZ3dYl/+3zKt2A+c1HIoguHCIp1/TSCZNXzPWIsAd"},"_chains":{"Bf5g0SpuWCYVfgf/5zcWuo0IvfcD70HNxM2T/4GR62gj":{"chainKey":{"counter":8},"chainType":2,"messageKeys":{}},"BV89lbp5FTE5n/TutyBK5oC0dMjh9tKQQu+ClFla58hi":{"chainKey":{"counter":0,"key":"hlvR+/ttr2REhUvYkbbCyxmLxTafEDw+edVAMOmY+P0="},"chainType":2,"messageKeys":{}},"BbnD2Ez/L9CvIvuWJo1mXXsCnDO/jyJMehewYiy2KChx":{"chainKey":{"counter":-1,"key":"JhtTMdKmF9f0kw7hX6vBwVL2LIybF+fLIWQ+fYFIDfs="},"chainType":1,"messageKeys":{}}}}},"version":"v1"}