{"_sessions":{"BRjunsDx/kCSjLz7puvvriit/0cdxhzImm/QHJ5zc4cl":{"registrationId":1734547814,"currentRatchet":{"ephemeralKeyPair":{"pubKey":"BSkLT0+urV51qJSp6D9St1SeBa7c2z/8VQcyxIXv6MUS","privKey":"SEslJxls0AyKQMJX0NMkf/AvcfUKbhjTnDxgXG1jqVY="},"lastRemoteEphemeralKey":"BWRpkYUMjbUCJA5Up81EnGbHbh11Ofx+pqZCzFJdKoYe","previousCounter":0,"rootKey":"ONc66/OP8RAInoM09kNTc+RXoqRQCX5CWaaDsSjoyIM="},"indexInfo":{"baseKey":"BRjunsDx/kCSjLz7puvvriit/0cdxhzImm/QHJ5zc4cl","baseKeyType":2,"closed":-1,"used":1739854665823,"created":1739854665823,"remoteIdentityKey":"BU9QyVp23ZwjKHIn8+zEAz7mvh9zlqjBvpp8MjDN8/dQ"},"_chains":{"BWRpkYUMjbUCJA5Up81EnGbHbh11Ofx+pqZCzFJdKoYe":{"chainKey":{"counter":0,"key":"98JPkCoZMbNIg0bAt3fPq83xDsqtrBqO4JhcmfZCUJQ="},"chainType":2,"messageKeys":{}},"BSkLT0+urV51qJSp6D9St1SeBa7c2z/8VQcyxIXv6MUS":{"chainKey":{"counter":-1,"key":"8M69h0kJU9PHo2twP0WiOLt2Q4Ug/v2f5LiCHzWd3uA="},"chainType":1,"messageKeys":{}}}}},"version":"v1"}