{"version":19,"hash":{"type":"Buffer","data":"k96CdBI6JwfUm5l4Uc+8p6D5U87oIKDQV7HR5GZtyfxW0+2+KbseCs1nvtGS/O76Z3UlF7qpkGysEjNnzlmqcc9p3qO7Fd4O2KIEC1L0WuVVwsI5UMLRn1TsWNwSgPzDjL//qQPJr5AarzZMlIjml9/LgeRzHHs+gLMytUmZojU="},"indexValueMap":{"Alfo24Sk76CO4UCnb+xxAZjrqPHpaQRYcVGvVDtngxQ=":{"valueMac":{"type":"Buffer","data":"ZBQYHQIZKzJ7MlLyXqKD+MMx2VSG2ZqeneTko7OPmEY="}},"Co7aV0o4jv8F+QT+gnkc0XpPV/eV4FYpVi1SgTD/kyk=":{"valueMac":{"type":"Buffer","data":"2mYt2GlNhyYQF7Md35w9x5wPimGMdbfAU3DADZfoVJI="}},"F8bDstSP5vmx4Lt7V3A+vWZXbObrcYOgrH1AoxTZSuY=":{"valueMac":{"type":"Buffer","data":"3THdTeTFzZSO+gHvTJbGmGI3lhKJ1DeET30q3ipNOH8="}},"Jmv/7fO12CxwtGc09TYu2BLwm0Czj617KcIYeHM3Zc4=":{"valueMac":{"type":"Buffer","data":"jPIJ4/oc22hzCrNsDiahniRNguh421nGyya9XVF1+7Y="}},"YwQY1jzVMMArUiufhBU5pp7ilKh3kujGEFJWf/jV3uU=":{"valueMac":{"type":"Buffer","data":"9uhwol+JT8cUPGcy/AwPv8fvj9uuX6BpBHlgCwB9IfE="}},"cZqEs+jmvMQFprp0qEGq63tNYXu4k3WopKf73aPmPCc=":{"valueMac":{"type":"Buffer","data":"dKFmlUPgEKpsHS1fksXyGCv6+DEtnVXcGed3rxDspVA="}},"gf6jhjgOKY8fYz11Jcik/gZsE34FmJd1nn0Edrc+ZkQ=":{"valueMac":{"type":"Buffer","data":"xAK4EKUZI/VfV2dyPF8HOWkfv6jLMWHJmoFNxn5LFEQ="}},"k4l+LBTsL+5WiLr2vAKoegKpXt2N7x8wiGlNugMZbRU=":{"valueMac":{"type":"Buffer","data":"NC2MOx2IEPYOldPnTpiG+J7x+MEpJ/VyuSVMDW0tgz4="}},"lJ6z2IlRNyXRXumnzc/uQMTpnZmaE1ZvDrRJGEjVoWM=":{"valueMac":{"type":"Buffer","data":"C5GRo4s7LcPy9krNs308Gkc6RikNK1da5SOhJkdx8tI="}},"yfo6xscduXKwhdlxHCh3eBHuQqNDVmwYne+f/GMhfH4=":{"valueMac":{"type":"Buffer","data":"JQ91Z9dBzPYBwzeAgxLBAPDrLEHqqOto8fHcE3xmHTs="}},"3f7BYHkCihWM7HEVqAWMJZEcR7yEF5Ofsh1a7JJ25CE=":{"valueMac":{"type":"Buffer","data":"WRoImOUvO5JdxWObTh1ysispXvz8An2Xirt2bNRYwqI="}},"YQV6xbOP2kiVErrlJLUZS4ODWC9gqCicmFGT5ZWwBE4=":{"valueMac":{"type":"Buffer","data":"XlgYiB7QyFI5fzMTD1BP0ttL9yrYQyZJqufjGUdJihI="}},"orcLU99EPnxa2Uw85ce/h7l4KSjUhoOe/nPYHpgSZpk=":{"valueMac":{"type":"Buffer","data":"hYWhVYeaNV9RvFQfH0ZFVGoh5oWKsvbtRKDUqXXhKFY="}},"uDPzk7oWHUjgdvzOLgoy79d8Qp/FWKptDLq8XU9wXUU=":{"valueMac":{"type":"Buffer","data":"3R8IHyOjddurWGK5GXZ9ccWzTV0qV5qBnkh8BdyXmuo="}},"+xiISEdviwjJsmYrMNFZEPldbtqyxEv8Td3n56d8if4=":{"valueMac":{"type":"Buffer","data":"IFDnnmyEz1iPyHaGsjZFaE9bzsyBzKKRa0fJP3oWhFk="}},"VvOmxIRyNaKCbW2y8cOA4KD7qmeVzzSreWz2aEYrx7g=":{"valueMac":{"type":"Buffer","data":"Rxz5W41Ifg3iS3zdsotqpwJpwIknPFwniKn4i7l5awU="}},"nV0rAw17EXbnKbo2cEq71R7qM11vVs5qA1cfjqCtm7c=":{"valueMac":{"type":"Buffer","data":"RSwSBT7BeABCba/IXTsFDKdOy7lKwT7XaRBR6Om3fMs="}},"EB7bByJ2goNYme9jBLy2u+T0gw7BF+ZBXhH4IcQ52jc=":{"valueMac":{"type":"Buffer","data":"CuNAwN94GFdY3ut0flnl5l64seXqddBzQ+MTfisGVk8="}},"NF3/XHY5IjupVsrb3qz3tSqRtk14hfSrNvjF8fDX4rI=":{"valueMac":{"type":"Buffer","data":"pejBzbx/pHn2Mco1L6OvM+RIq4cza8as8eAVMHBjSsY="}}}}