{"version":6,"hash":{"type":"Buffer","data":"V2PrxJbv2KTRysOu+AgxWADuXv7oG9WuO350mlWAr46t6mZLpwCpfZ8N6UIvF4qoKysompB+Y1qwwYyZ81DWdSUezEF5aQ6iQYbHmYc3+DakQ0BLCUNl+MESO/Dwrxv1SC8TCHYY0qVuKmER3+GaQDbAxDFU5XTsjXyN3JQE3Zw="},"indexValueMap":{"F5CHz9vnNkRNZ5yucR4eKulrzdpSKHqIxJGZ5etBPc4=":{"valueMac":{"type":"Buffer","data":"QbTmasgQdKVrg1ixX6sYJiINYypoZTO9n5LIZieRcJ4="}},"Gz7q51+FssG3lc3MsDTfPCPX3mfK6tREZoypv/IM7lU=":{"valueMac":{"type":"Buffer","data":"8mTNmgAku/v/EAKH+B2vGAZjDq3MHhkV+WymFAOz3yA="}},"Iw53trFhoydXBkX8Wo22QnA7ScCVJ+fV5EkMITC+6R4=":{"valueMac":{"type":"Buffer","data":"y/F2/TTydAWwqzmRmAiDAbo72NNZzGFPnVa/gFbxu3E="}},"Z6ggFGCFvEYt+ytU998kJEvCjEqbviVtG6jPQe/tT/c=":{"valueMac":{"type":"Buffer","data":"zkTmCIl4AXAL8aSquV9LPk9g1+i66/QTcQwYJqjBcYQ="}},"d93rRYzWFTc8rNQF2qfeDZwM6wYd7zfPVB5ole1pV88=":{"valueMac":{"type":"Buffer","data":"5rYTnBFt9CoKgc6lssWNMx+1ZStEx4iAA/wGytneItw="}},"elmRMj1+qK0BKi+hrfm6rcQozSFD/iE8ZyW4kJetmog=":{"valueMac":{"type":"Buffer","data":"NHeeLu8HUFfJWhYa3UymofvTzwdqyILozduJY04G/3A="}},"jT+XywgONnqZMVi8YMOgaIa+qczzHr+qwjdJv/iqBZ4=":{"valueMac":{"type":"Buffer","data":"MlQhnuedluqC65TThKYFOKuE5ZUeMHmyKypRk4GL9eY="}},"wIaxrlSB7v5obAzafmwCzKnqOtpc4ma3WCFDQ6z++GA=":{"valueMac":{"type":"Buffer","data":"iOWqZXWPaySCu+wOMqz9QLp8wanToH7wiLNIZ+L5NQY="}},"147STSUR4QXew7X1QtDE9elU5vZnUxrre3wR3mgY4Ms=":{"valueMac":{"type":"Buffer","data":"jZW3YY86F7BVogsLyQrxKHNLgFSaj4/Gb+pXzx4fxEg="}},"2ihujClzyLdTeA415Uejwn75ReByD1vgG6ehZjMNFlE=":{"valueMac":{"type":"Buffer","data":"x7XEO0fi2POCNs7jfqFyVgUdfR4C61DU6qqi/ob4cHU="}},"wHMJxrn1XA/5aOx4AJTleBQDG3TodhpowvgdmQAWrOE=":{"valueMac":{"type":"Buffer","data":"kxB5y+tBfLV0uipZMNYT5AZ/UCVGZCQfLZHiBTBVTtU="}},"mWzjV3DYN2MYMuiAWU1Bq1dEX4lG98DMSEd9tAenU8I=":{"valueMac":{"type":"Buffer","data":"jR+PemMtYclZuVeSfE5lM5X60ZTatHLoYVYTGK+tv3M="}},"P+Kirdxkxgmjxu763zQeTnu8ohdn3jhmHeC55b3/ks4=":{"valueMac":{"type":"Buffer","data":"WAB7JBXH31UslN80UqwM/fvFJTttBKR/Uf235VRVNHw="}},"oJTMaSd2NVjv5t2nJB/gZ09fMyuOnzcqRouxIDcTk6s=":{"valueMac":{"type":"Buffer","data":"wK6BCXliRGLqaZV3ommBRyr5LnJAOGZza3UY5h4gxcY="}},"WqvJOSHXLvXVqgIYeHlxCI3mC6xN3J9bbDmVNzjZlsE=":{"valueMac":{"type":"Buffer","data":"si90DsHiW2yOWqLrSRl8xQaFE9Irt4oedRvyXEvbcYk="}}}}